{
	"credit": "Made with Blockbench",
	"gui_light": "front",
	"textures": {
		"2": "item/fishing_rod",
		"particle": "item/fishing_rod"
	},
	"elements": [
		{
			"name": "fishing_rod_0",
			"from": [13, 14, 7.5],
			"to": [14, 15, 8.5],
			"faces": {
				"north": {"uv": [13, 2, 14, 1], "rotation": 180, "texture": "#2"},
				"east": {"uv": [13, 1, 14, 2], "texture": "#2"},
				"south": {"uv": [13, 1, 14, 2], "texture": "#2"},
				"west": {"uv": [13, 1, 14, 2], "texture": "#2"},
				"up": {"uv": [14, 1, 13, 2], "rotation": 180, "texture": "#2"},
				"down": {"uv": [13, 1, 14, 2], "texture": "#2"}
			}
		},
		{
			"name": "fishing_rod_1",
			"from": [14, 14, 7.5],
			"to": [15, 15, 8.5],
			"faces": {
				"north": {"uv": [14, 2, 15, 1], "rotation": 180, "texture": "#2"},
				"east": {"uv": [14, 1, 15, 2], "texture": "#2"},
				"south": {"uv": [14, 1, 15, 2], "texture": "#2"},
				"west": {"uv": [14, 1, 15, 2], "texture": "#2"},
				"up": {"uv": [15, 1, 14, 2], "rotation": 180, "texture": "#2"},
				"down": {"uv": [14, 1, 15, 2], "texture": "#2"}
			}
		},
		{
			"name": "fishing_rod_2",
			"from": [12, 13, 7.5],
			"to": [13, 14, 8.5],
			"faces": {
				"north": {"uv": [12, 3, 13, 2], "rotation": 180, "texture": "#2"},
				"east": {"uv": [12, 2, 13, 3], "texture": "#2"},
				"south": {"uv": [12, 2, 13, 3], "texture": "#2"},
				"west": {"uv": [12, 2, 13, 3], "texture": "#2"},
				"up": {"uv": [13, 2, 12, 3], "rotation": 180, "texture": "#2"},
				"down": {"uv": [12, 2, 13, 3], "texture": "#2"}
			}
		},
		{
			"name": "fishing_rod_3",
			"from": [13, 13, 7.5],
			"to": [14, 14, 8.5],
			"faces": {
				"north": {"uv": [13, 3, 14, 2], "rotation": 180, "texture": "#2"},
				"east": {"uv": [13, 2, 14, 3], "texture": "#2"},
				"south": {"uv": [13, 2, 14, 3], "texture": "#2"},
				"west": {"uv": [13, 2, 14, 3], "texture": "#2"},
				"up": {"uv": [14, 2, 13, 3], "rotation": 180, "texture": "#2"},
				"down": {"uv": [13, 2, 14, 3], "texture": "#2"}
			}
		},
		{
			"name": "fishing_rod_4",
			"from": [14, 13, 7.5],
			"to": [15, 14, 8.5],
			"faces": {
				"north": {"uv": [14, 3, 15, 2], "rotation": 180, "texture": "#2"},
				"east": {"uv": [14, 2, 15, 3], "texture": "#2"},
				"south": {"uv": [14, 2, 15, 3], "texture": "#2"},
				"west": {"uv": [14, 2, 15, 3], "texture": "#2"},
				"up": {"uv": [15, 2, 14, 3], "rotation": 180, "texture": "#2"},
				"down": {"uv": [14, 2, 15, 3], "texture": "#2"}
			}
		},
		{
			"name": "fishing_rod_5",
			"from": [11, 12, 7.5],
			"to": [12, 13, 8.5],
			"faces": {
				"north": {"uv": [11, 4, 12, 3], "rotation": 180, "texture": "#2"},
				"east": {"uv": [11, 3, 12, 4], "texture": "#2"},
				"south": {"uv": [11, 3, 12, 4], "texture": "#2"},
				"west": {"uv": [11, 3, 12, 4], "texture": "#2"},
				"up": {"uv": [12, 3, 11, 4], "rotation": 180, "texture": "#2"},
				"down": {"uv": [11, 3, 12, 4], "texture": "#2"}
			}
		},
		{
			"name": "fishing_rod_6",
			"from": [12, 12, 7.5],
			"to": [13, 13, 8.5],
			"faces": {
				"north": {"uv": [12, 4, 13, 3], "rotation": 180, "texture": "#2"},
				"east": {"uv": [12, 3, 13, 4], "texture": "#2"},
				"south": {"uv": [12, 3, 13, 4], "texture": "#2"},
				"west": {"uv": [12, 3, 13, 4], "texture": "#2"},
				"up": {"uv": [13, 3, 12, 4], "rotation": 180, "texture": "#2"},
				"down": {"uv": [12, 3, 13, 4], "texture": "#2"}
			}
		},
		{
			"name": "fishing_rod_7",
			"from": [13, 12, 7.5],
			"to": [14, 13, 8.5],
			"faces": {
				"north": {"uv": [13, 4, 14, 3], "rotation": 180, "texture": "#2"},
				"east": {"uv": [13, 3, 14, 4], "texture": "#2"},
				"south": {"uv": [13, 3, 14, 4], "texture": "#2"},
				"west": {"uv": [13, 3, 14, 4], "texture": "#2"},
				"up": {"uv": [14, 3, 13, 4], "rotation": 180, "texture": "#2"},
				"down": {"uv": [13, 3, 14, 4], "texture": "#2"}
			}
		},
		{
			"name": "fishing_rod_8",
			"from": [14, 12, 7.5],
			"to": [15, 13, 8.5],
			"faces": {
				"north": {"uv": [14, 4, 15, 3], "rotation": 180, "texture": "#2"},
				"east": {"uv": [14, 3, 15, 4], "texture": "#2"},
				"south": {"uv": [14, 3, 15, 4], "texture": "#2"},
				"west": {"uv": [14, 3, 15, 4], "texture": "#2"},
				"up": {"uv": [15, 3, 14, 4], "rotation": 180, "texture": "#2"},
				"down": {"uv": [14, 3, 15, 4], "texture": "#2"}
			}
		},
		{
			"name": "fishing_rod_9",
			"from": [10, 11, 7.5],
			"to": [11, 12, 8.5],
			"faces": {
				"north": {"uv": [10, 5, 11, 4], "rotation": 180, "texture": "#2"},
				"east": {"uv": [10, 4, 11, 5], "texture": "#2"},
				"south": {"uv": [10, 4, 11, 5], "texture": "#2"},
				"west": {"uv": [10, 4, 11, 5], "texture": "#2"},
				"up": {"uv": [11, 4, 10, 5], "rotation": 180, "texture": "#2"},
				"down": {"uv": [10, 4, 11, 5], "texture": "#2"}
			}
		},
		{
			"name": "fishing_rod_10",
			"from": [11, 11, 7.5],
			"to": [12, 12, 8.5],
			"faces": {
				"north": {"uv": [11, 5, 12, 4], "rotation": 180, "texture": "#2"},
				"east": {"uv": [11, 4, 12, 5], "texture": "#2"},
				"south": {"uv": [11, 4, 12, 5], "texture": "#2"},
				"west": {"uv": [11, 4, 12, 5], "texture": "#2"},
				"up": {"uv": [12, 4, 11, 5], "rotation": 180, "texture": "#2"},
				"down": {"uv": [11, 4, 12, 5], "texture": "#2"}
			}
		},
		{
			"name": "fishing_rod_11",
			"from": [12, 11, 7.5],
			"to": [13, 12, 8.5],
			"faces": {
				"north": {"uv": [12, 5, 13, 4], "rotation": 180, "texture": "#2"},
				"east": {"uv": [12, 4, 13, 5], "texture": "#2"},
				"south": {"uv": [12, 4, 13, 5], "texture": "#2"},
				"west": {"uv": [12, 4, 13, 5], "texture": "#2"},
				"up": {"uv": [13, 4, 12, 5], "rotation": 180, "texture": "#2"},
				"down": {"uv": [12, 4, 13, 5], "texture": "#2"}
			}
		},
		{
			"name": "fishing_rod_12",
			"from": [13, 11, 7.5],
			"to": [14, 12, 8.5],
			"faces": {
				"north": {"uv": [13, 5, 14, 4], "rotation": 180, "texture": "#2"},
				"east": {"uv": [13, 4, 14, 5], "texture": "#2"},
				"south": {"uv": [13, 4, 14, 5], "texture": "#2"},
				"west": {"uv": [13, 4, 14, 5], "texture": "#2"},
				"up": {"uv": [14, 4, 13, 5], "rotation": 180, "texture": "#2"},
				"down": {"uv": [13, 4, 14, 5], "texture": "#2"}
			}
		},
		{
			"name": "fishing_rod_13",
			"from": [14, 11, 7.5],
			"to": [15, 12, 8.5],
			"faces": {
				"north": {"uv": [14, 5, 15, 4], "rotation": 180, "texture": "#2"},
				"east": {"uv": [14, 4, 15, 5], "texture": "#2"},
				"south": {"uv": [14, 4, 15, 5], "texture": "#2"},
				"west": {"uv": [14, 4, 15, 5], "texture": "#2"},
				"up": {"uv": [15, 4, 14, 5], "rotation": 180, "texture": "#2"},
				"down": {"uv": [14, 4, 15, 5], "texture": "#2"}
			}
		},
		{
			"name": "fishing_rod_14",
			"from": [9, 10, 7.5],
			"to": [10, 11, 8.5],
			"faces": {
				"north": {"uv": [9, 6, 10, 5], "rotation": 180, "texture": "#2"},
				"east": {"uv": [9, 5, 10, 6], "texture": "#2"},
				"south": {"uv": [9, 5, 10, 6], "texture": "#2"},
				"west": {"uv": [9, 5, 10, 6], "texture": "#2"},
				"up": {"uv": [10, 5, 9, 6], "rotation": 180, "texture": "#2"},
				"down": {"uv": [9, 5, 10, 6], "texture": "#2"}
			}
		},
		{
			"name": "fishing_rod_15",
			"from": [10, 10, 7.5],
			"to": [11, 11, 8.5],
			"faces": {
				"north": {"uv": [10, 6, 11, 5], "rotation": 180, "texture": "#2"},
				"east": {"uv": [10, 5, 11, 6], "texture": "#2"},
				"south": {"uv": [10, 5, 11, 6], "texture": "#2"},
				"west": {"uv": [10, 5, 11, 6], "texture": "#2"},
				"up": {"uv": [11, 5, 10, 6], "rotation": 180, "texture": "#2"},
				"down": {"uv": [10, 5, 11, 6], "texture": "#2"}
			}
		},
		{
			"name": "fishing_rod_16",
			"from": [11, 10, 7.5],
			"to": [12, 11, 8.5],
			"faces": {
				"north": {"uv": [11, 6, 12, 5], "rotation": 180, "texture": "#2"},
				"east": {"uv": [11, 5, 12, 6], "texture": "#2"},
				"south": {"uv": [11, 5, 12, 6], "texture": "#2"},
				"west": {"uv": [11, 5, 12, 6], "texture": "#2"},
				"up": {"uv": [12, 5, 11, 6], "rotation": 180, "texture": "#2"},
				"down": {"uv": [11, 5, 12, 6], "texture": "#2"}
			}
		},
		{
			"name": "fishing_rod_17",
			"from": [12, 10, 7.5],
			"to": [13, 11, 8.5],
			"faces": {
				"north": {"uv": [12, 6, 13, 5], "rotation": 180, "texture": "#2"},
				"east": {"uv": [12, 5, 13, 6], "texture": "#2"},
				"south": {"uv": [12, 5, 13, 6], "texture": "#2"},
				"west": {"uv": [12, 5, 13, 6], "texture": "#2"},
				"up": {"uv": [13, 5, 12, 6], "rotation": 180, "texture": "#2"},
				"down": {"uv": [12, 5, 13, 6], "texture": "#2"}
			}
		},
		{
			"name": "fishing_rod_18",
			"from": [14, 10, 7.5],
			"to": [15, 11, 8.5],
			"faces": {
				"north": {"uv": [14, 6, 15, 5], "rotation": 180, "texture": "#2"},
				"east": {"uv": [14, 5, 15, 6], "texture": "#2"},
				"south": {"uv": [14, 5, 15, 6], "texture": "#2"},
				"west": {"uv": [14, 5, 15, 6], "texture": "#2"},
				"up": {"uv": [15, 5, 14, 6], "rotation": 180, "texture": "#2"},
				"down": {"uv": [14, 5, 15, 6], "texture": "#2"}
			}
		},
		{
			"name": "fishing_rod_19",
			"from": [8, 9, 7.5],
			"to": [9, 10, 8.5],
			"faces": {
				"north": {"uv": [8, 7, 9, 6], "rotation": 180, "texture": "#2"},
				"east": {"uv": [8, 6, 9, 7], "texture": "#2"},
				"south": {"uv": [8, 6, 9, 7], "texture": "#2"},
				"west": {"uv": [8, 6, 9, 7], "texture": "#2"},
				"up": {"uv": [9, 6, 8, 7], "rotation": 180, "texture": "#2"},
				"down": {"uv": [8, 6, 9, 7], "texture": "#2"}
			}
		},
		{
			"name": "fishing_rod_20",
			"from": [9, 9, 7.5],
			"to": [10, 10, 8.5],
			"faces": {
				"north": {"uv": [9, 7, 10, 6], "rotation": 180, "texture": "#2"},
				"east": {"uv": [9, 6, 10, 7], "texture": "#2"},
				"south": {"uv": [9, 6, 10, 7], "texture": "#2"},
				"west": {"uv": [9, 6, 10, 7], "texture": "#2"},
				"up": {"uv": [10, 6, 9, 7], "rotation": 180, "texture": "#2"},
				"down": {"uv": [9, 6, 10, 7], "texture": "#2"}
			}
		},
		{
			"name": "fishing_rod_21",
			"from": [10, 9, 7.5],
			"to": [11, 10, 8.5],
			"faces": {
				"north": {"uv": [10, 7, 11, 6], "rotation": 180, "texture": "#2"},
				"east": {"uv": [10, 6, 11, 7], "texture": "#2"},
				"south": {"uv": [10, 6, 11, 7], "texture": "#2"},
				"west": {"uv": [10, 6, 11, 7], "texture": "#2"},
				"up": {"uv": [11, 6, 10, 7], "rotation": 180, "texture": "#2"},
				"down": {"uv": [10, 6, 11, 7], "texture": "#2"}
			}
		},
		{
			"name": "fishing_rod_22",
			"from": [11, 9, 7.5],
			"to": [12, 10, 8.5],
			"faces": {
				"north": {"uv": [11, 7, 12, 6], "rotation": 180, "texture": "#2"},
				"east": {"uv": [11, 6, 12, 7], "texture": "#2"},
				"south": {"uv": [11, 6, 12, 7], "texture": "#2"},
				"west": {"uv": [11, 6, 12, 7], "texture": "#2"},
				"up": {"uv": [12, 6, 11, 7], "rotation": 180, "texture": "#2"},
				"down": {"uv": [11, 6, 12, 7], "texture": "#2"}
			}
		},
		{
			"name": "fishing_rod_23",
			"from": [14, 9, 7.5],
			"to": [15, 10, 8.5],
			"faces": {
				"north": {"uv": [14, 7, 15, 6], "rotation": 180, "texture": "#2"},
				"east": {"uv": [14, 6, 15, 7], "texture": "#2"},
				"south": {"uv": [14, 6, 15, 7], "texture": "#2"},
				"west": {"uv": [14, 6, 15, 7], "texture": "#2"},
				"up": {"uv": [15, 6, 14, 7], "rotation": 180, "texture": "#2"},
				"down": {"uv": [14, 6, 15, 7], "texture": "#2"}
			}
		},
		{
			"name": "fishing_rod_24",
			"from": [7, 8, 7.5],
			"to": [8, 9, 8.5],
			"faces": {
				"north": {"uv": [7, 8, 8, 7], "rotation": 180, "texture": "#2"},
				"east": {"uv": [7, 7, 8, 8], "texture": "#2"},
				"south": {"uv": [7, 7, 8, 8], "texture": "#2"},
				"west": {"uv": [7, 7, 8, 8], "texture": "#2"},
				"up": {"uv": [8, 7, 7, 8], "rotation": 180, "texture": "#2"},
				"down": {"uv": [7, 7, 8, 8], "texture": "#2"}
			}
		},
		{
			"name": "fishing_rod_25",
			"from": [8, 8, 7.5],
			"to": [9, 9, 8.5],
			"faces": {
				"north": {"uv": [8, 8, 9, 7], "rotation": 180, "texture": "#2"},
				"east": {"uv": [8, 7, 9, 8], "texture": "#2"},
				"south": {"uv": [8, 7, 9, 8], "texture": "#2"},
				"west": {"uv": [8, 7, 9, 8], "texture": "#2"},
				"up": {"uv": [9, 7, 8, 8], "rotation": 180, "texture": "#2"},
				"down": {"uv": [8, 7, 9, 8], "texture": "#2"}
			}
		},
		{
			"name": "fishing_rod_26",
			"from": [9, 8, 7.5],
			"to": [10, 9, 8.5],
			"faces": {
				"north": {"uv": [9, 8, 10, 7], "rotation": 180, "texture": "#2"},
				"east": {"uv": [9, 7, 10, 8], "texture": "#2"},
				"south": {"uv": [9, 7, 10, 8], "texture": "#2"},
				"west": {"uv": [9, 7, 10, 8], "texture": "#2"},
				"up": {"uv": [10, 7, 9, 8], "rotation": 180, "texture": "#2"},
				"down": {"uv": [9, 7, 10, 8], "texture": "#2"}
			}
		},
		{
			"name": "fishing_rod_27",
			"from": [10, 8, 7.5],
			"to": [11, 9, 8.5],
			"faces": {
				"north": {"uv": [10, 8, 11, 7], "rotation": 180, "texture": "#2"},
				"east": {"uv": [10, 7, 11, 8], "texture": "#2"},
				"south": {"uv": [10, 7, 11, 8], "texture": "#2"},
				"west": {"uv": [10, 7, 11, 8], "texture": "#2"},
				"up": {"uv": [11, 7, 10, 8], "rotation": 180, "texture": "#2"},
				"down": {"uv": [10, 7, 11, 8], "texture": "#2"}
			}
		},
		{
			"name": "fishing_rod_28",
			"from": [14, 8, 7.5],
			"to": [15, 9, 8.5],
			"faces": {
				"north": {"uv": [14, 8, 15, 7], "rotation": 180, "texture": "#2"},
				"east": {"uv": [14, 7, 15, 8], "texture": "#2"},
				"south": {"uv": [14, 7, 15, 8], "texture": "#2"},
				"west": {"uv": [14, 7, 15, 8], "texture": "#2"},
				"up": {"uv": [15, 7, 14, 8], "rotation": 180, "texture": "#2"},
				"down": {"uv": [14, 7, 15, 8], "texture": "#2"}
			}
		},
		{
			"name": "fishing_rod_29",
			"from": [6, 7, 7.5],
			"to": [7, 8, 8.5],
			"faces": {
				"north": {"uv": [6, 9, 7, 8], "rotation": 180, "texture": "#2"},
				"east": {"uv": [6, 8, 7, 9], "texture": "#2"},
				"south": {"uv": [6, 8, 7, 9], "texture": "#2"},
				"west": {"uv": [6, 8, 7, 9], "texture": "#2"},
				"up": {"uv": [7, 8, 6, 9], "rotation": 180, "texture": "#2"},
				"down": {"uv": [6, 8, 7, 9], "texture": "#2"}
			}
		},
		{
			"name": "fishing_rod_30",
			"from": [7, 7, 7.5],
			"to": [8, 8, 8.5],
			"faces": {
				"north": {"uv": [7, 9, 8, 8], "rotation": 180, "texture": "#2"},
				"east": {"uv": [7, 8, 8, 9], "texture": "#2"},
				"south": {"uv": [7, 8, 8, 9], "texture": "#2"},
				"west": {"uv": [7, 8, 8, 9], "texture": "#2"},
				"up": {"uv": [8, 8, 7, 9], "rotation": 180, "texture": "#2"},
				"down": {"uv": [7, 8, 8, 9], "texture": "#2"}
			}
		},
		{
			"name": "fishing_rod_31",
			"from": [8, 7, 7.5],
			"to": [9, 8, 8.5],
			"faces": {
				"north": {"uv": [8, 9, 9, 8], "rotation": 180, "texture": "#2"},
				"east": {"uv": [8, 8, 9, 9], "texture": "#2"},
				"south": {"uv": [8, 8, 9, 9], "texture": "#2"},
				"west": {"uv": [8, 8, 9, 9], "texture": "#2"},
				"up": {"uv": [9, 8, 8, 9], "rotation": 180, "texture": "#2"},
				"down": {"uv": [8, 8, 9, 9], "texture": "#2"}
			}
		},
		{
			"name": "fishing_rod_32",
			"from": [9, 7, 7.5],
			"to": [10, 8, 8.5],
			"faces": {
				"north": {"uv": [9, 9, 10, 8], "rotation": 180, "texture": "#2"},
				"east": {"uv": [9, 8, 10, 9], "texture": "#2"},
				"south": {"uv": [9, 8, 10, 9], "texture": "#2"},
				"west": {"uv": [9, 8, 10, 9], "texture": "#2"},
				"up": {"uv": [10, 8, 9, 9], "rotation": 180, "texture": "#2"},
				"down": {"uv": [9, 8, 10, 9], "texture": "#2"}
			}
		},
		{
			"name": "fishing_rod_33",
			"from": [14, 7, 7.5],
			"to": [15, 8, 8.5],
			"faces": {
				"north": {"uv": [14, 9, 15, 8], "rotation": 180, "texture": "#2"},
				"east": {"uv": [14, 8, 15, 9], "texture": "#2"},
				"south": {"uv": [14, 8, 15, 9], "texture": "#2"},
				"west": {"uv": [14, 8, 15, 9], "texture": "#2"},
				"up": {"uv": [15, 8, 14, 9], "rotation": 180, "texture": "#2"},
				"down": {"uv": [14, 8, 15, 9], "texture": "#2"}
			}
		},
		{
			"name": "fishing_rod_34",
			"from": [5, 6, 7.5],
			"to": [6, 7, 8.5],
			"faces": {
				"north": {"uv": [5, 10, 6, 9], "rotation": 180, "texture": "#2"},
				"east": {"uv": [5, 9, 6, 10], "texture": "#2"},
				"south": {"uv": [5, 9, 6, 10], "texture": "#2"},
				"west": {"uv": [5, 9, 6, 10], "texture": "#2"},
				"up": {"uv": [6, 9, 5, 10], "rotation": 180, "texture": "#2"},
				"down": {"uv": [5, 9, 6, 10], "texture": "#2"}
			}
		},
		{
			"name": "fishing_rod_35",
			"from": [6, 6, 7.5],
			"to": [7, 7, 8.5],
			"faces": {
				"north": {"uv": [6, 10, 7, 9], "rotation": 180, "texture": "#2"},
				"east": {"uv": [6, 9, 7, 10], "texture": "#2"},
				"south": {"uv": [6, 9, 7, 10], "texture": "#2"},
				"west": {"uv": [6, 9, 7, 10], "texture": "#2"},
				"up": {"uv": [7, 9, 6, 10], "rotation": 180, "texture": "#2"},
				"down": {"uv": [6, 9, 7, 10], "texture": "#2"}
			}
		},
		{
			"name": "fishing_rod_36",
			"from": [7, 6, 7.5],
			"to": [8, 7, 8.5],
			"faces": {
				"north": {"uv": [7, 10, 8, 9], "rotation": 180, "texture": "#2"},
				"east": {"uv": [7, 9, 8, 10], "texture": "#2"},
				"south": {"uv": [7, 9, 8, 10], "texture": "#2"},
				"west": {"uv": [7, 9, 8, 10], "texture": "#2"},
				"up": {"uv": [8, 9, 7, 10], "rotation": 180, "texture": "#2"},
				"down": {"uv": [7, 9, 8, 10], "texture": "#2"}
			}
		},
		{
			"name": "fishing_rod_37",
			"from": [8, 6, 7.5],
			"to": [9, 7, 8.5],
			"faces": {
				"north": {"uv": [8, 10, 9, 9], "rotation": 180, "texture": "#2"},
				"east": {"uv": [8, 9, 9, 10], "texture": "#2"},
				"south": {"uv": [8, 9, 9, 10], "texture": "#2"},
				"west": {"uv": [8, 9, 9, 10], "texture": "#2"},
				"up": {"uv": [9, 9, 8, 10], "rotation": 180, "texture": "#2"},
				"down": {"uv": [8, 9, 9, 10], "texture": "#2"}
			}
		},
		{
			"name": "fishing_rod_38",
			"from": [14, 6, 7.5],
			"to": [15, 7, 8.5],
			"faces": {
				"north": {"uv": [14, 10, 15, 9], "rotation": 180, "texture": "#2"},
				"east": {"uv": [14, 9, 15, 10], "texture": "#2"},
				"south": {"uv": [14, 9, 15, 10], "texture": "#2"},
				"west": {"uv": [14, 9, 15, 10], "texture": "#2"},
				"up": {"uv": [15, 9, 14, 10], "rotation": 180, "texture": "#2"},
				"down": {"uv": [14, 9, 15, 10], "texture": "#2"}
			}
		},
		{
			"name": "fishing_rod_39",
			"from": [5, 5, 7.5],
			"to": [6, 6, 8.5],
			"faces": {
				"north": {"uv": [5, 11, 6, 10], "rotation": 180, "texture": "#2"},
				"east": {"uv": [5, 10, 6, 11], "texture": "#2"},
				"south": {"uv": [5, 10, 6, 11], "texture": "#2"},
				"west": {"uv": [5, 10, 6, 11], "texture": "#2"},
				"up": {"uv": [6, 10, 5, 11], "rotation": 180, "texture": "#2"},
				"down": {"uv": [5, 10, 6, 11], "texture": "#2"}
			}
		},
		{
			"name": "fishing_rod_40",
			"from": [6, 5, 7.5],
			"to": [7, 6, 8.5],
			"faces": {
				"north": {"uv": [6, 11, 7, 10], "rotation": 180, "texture": "#2"},
				"east": {"uv": [6, 10, 7, 11], "texture": "#2"},
				"south": {"uv": [6, 10, 7, 11], "texture": "#2"},
				"west": {"uv": [6, 10, 7, 11], "texture": "#2"},
				"up": {"uv": [7, 10, 6, 11], "rotation": 180, "texture": "#2"},
				"down": {"uv": [6, 10, 7, 11], "texture": "#2"}
			}
		},
		{
			"name": "fishing_rod_41",
			"from": [7, 5, 7.5],
			"to": [8, 6, 8.5],
			"faces": {
				"north": {"uv": [7, 11, 8, 10], "rotation": 180, "texture": "#2"},
				"east": {"uv": [7, 10, 8, 11], "texture": "#2"},
				"south": {"uv": [7, 10, 8, 11], "texture": "#2"},
				"west": {"uv": [7, 10, 8, 11], "texture": "#2"},
				"up": {"uv": [8, 10, 7, 11], "rotation": 180, "texture": "#2"},
				"down": {"uv": [7, 10, 8, 11], "texture": "#2"}
			}
		},
		{
			"name": "fishing_rod_42",
			"from": [13, 5, 7.5],
			"to": [14, 6, 8.5],
			"faces": {
				"north": {"uv": [13, 11, 14, 10], "rotation": 180, "texture": "#2"},
				"east": {"uv": [13, 10, 14, 11], "texture": "#2"},
				"south": {"uv": [13, 10, 14, 11], "texture": "#2"},
				"west": {"uv": [13, 10, 14, 11], "texture": "#2"},
				"up": {"uv": [14, 10, 13, 11], "rotation": 180, "texture": "#2"},
				"down": {"uv": [13, 10, 14, 11], "texture": "#2"}
			}
		},
		{
			"name": "fishing_rod_43",
			"from": [4, 4, 7.5],
			"to": [5, 5, 8.5],
			"faces": {
				"north": {"uv": [4, 12, 5, 11], "rotation": 180, "texture": "#2"},
				"east": {"uv": [4, 11, 5, 12], "texture": "#2"},
				"south": {"uv": [4, 11, 5, 12], "texture": "#2"},
				"west": {"uv": [4, 11, 5, 12], "texture": "#2"},
				"up": {"uv": [5, 11, 4, 12], "rotation": 180, "texture": "#2"},
				"down": {"uv": [4, 11, 5, 12], "texture": "#2"}
			}
		},
		{
			"name": "fishing_rod_44",
			"from": [5, 4, 7.5],
			"to": [6, 5, 8.5],
			"faces": {
				"north": {"uv": [5, 12, 6, 11], "rotation": 180, "texture": "#2"},
				"east": {"uv": [5, 11, 6, 12], "texture": "#2"},
				"south": {"uv": [5, 11, 6, 12], "texture": "#2"},
				"west": {"uv": [5, 11, 6, 12], "texture": "#2"},
				"up": {"uv": [6, 11, 5, 12], "rotation": 180, "texture": "#2"},
				"down": {"uv": [5, 11, 6, 12], "texture": "#2"}
			}
		},
		{
			"name": "fishing_rod_45",
			"from": [6, 4, 7.5],
			"to": [7, 5, 8.5],
			"faces": {
				"north": {"uv": [6, 12, 7, 11], "rotation": 180, "texture": "#2"},
				"east": {"uv": [6, 11, 7, 12], "texture": "#2"},
				"south": {"uv": [6, 11, 7, 12], "texture": "#2"},
				"west": {"uv": [6, 11, 7, 12], "texture": "#2"},
				"up": {"uv": [7, 11, 6, 12], "rotation": 180, "texture": "#2"},
				"down": {"uv": [6, 11, 7, 12], "texture": "#2"}
			}
		},
		{
			"name": "fishing_rod_46",
			"from": [7, 4, 7.5],
			"to": [8, 5, 8.5],
			"faces": {
				"north": {"uv": [7, 12, 8, 11], "rotation": 180, "texture": "#2"},
				"east": {"uv": [7, 11, 8, 12], "texture": "#2"},
				"south": {"uv": [7, 11, 8, 12], "texture": "#2"},
				"west": {"uv": [7, 11, 8, 12], "texture": "#2"},
				"up": {"uv": [8, 11, 7, 12], "rotation": 180, "texture": "#2"},
				"down": {"uv": [7, 11, 8, 12], "texture": "#2"}
			}
		},
		{
			"name": "fishing_rod_47",
			"from": [8, 4, 7.5],
			"to": [9, 5, 8.5],
			"faces": {
				"north": {"uv": [8, 12, 9, 11], "rotation": 180, "texture": "#2"},
				"east": {"uv": [8, 11, 9, 12], "texture": "#2"},
				"south": {"uv": [8, 11, 9, 12], "texture": "#2"},
				"west": {"uv": [8, 11, 9, 12], "texture": "#2"},
				"up": {"uv": [9, 11, 8, 12], "rotation": 180, "texture": "#2"},
				"down": {"uv": [8, 11, 9, 12], "texture": "#2"}
			}
		},
		{
			"name": "fishing_rod_48",
			"from": [13, 4, 7.5],
			"to": [14, 5, 8.5],
			"faces": {
				"north": {"uv": [13, 12, 14, 11], "rotation": 180, "texture": "#2"},
				"east": {"uv": [13, 11, 14, 12], "texture": "#2"},
				"south": {"uv": [13, 11, 14, 12], "texture": "#2"},
				"west": {"uv": [13, 11, 14, 12], "texture": "#2"},
				"up": {"uv": [14, 11, 13, 12], "rotation": 180, "texture": "#2"},
				"down": {"uv": [13, 11, 14, 12], "texture": "#2"}
			}
		},
		{
			"name": "fishing_rod_49",
			"from": [3, 3, 7.5],
			"to": [4, 4, 8.5],
			"faces": {
				"north": {"uv": [3, 13, 4, 12], "rotation": 180, "texture": "#2"},
				"east": {"uv": [3, 12, 4, 13], "texture": "#2"},
				"south": {"uv": [3, 12, 4, 13], "texture": "#2"},
				"west": {"uv": [3, 12, 4, 13], "texture": "#2"},
				"up": {"uv": [4, 12, 3, 13], "rotation": 180, "texture": "#2"},
				"down": {"uv": [3, 12, 4, 13], "texture": "#2"}
			}
		},
		{
			"name": "fishing_rod_50",
			"from": [4, 3, 7.5],
			"to": [5, 4, 8.5],
			"faces": {
				"north": {"uv": [4, 13, 5, 12], "rotation": 180, "texture": "#2"},
				"east": {"uv": [4, 12, 5, 13], "texture": "#2"},
				"south": {"uv": [4, 12, 5, 13], "texture": "#2"},
				"west": {"uv": [4, 12, 5, 13], "texture": "#2"},
				"up": {"uv": [5, 12, 4, 13], "rotation": 180, "texture": "#2"},
				"down": {"uv": [4, 12, 5, 13], "texture": "#2"}
			}
		},
		{
			"name": "fishing_rod_51",
			"from": [5, 3, 7.5],
			"to": [6, 4, 8.5],
			"faces": {
				"north": {"uv": [5, 13, 6, 12], "rotation": 180, "texture": "#2"},
				"east": {"uv": [5, 12, 6, 13], "texture": "#2"},
				"south": {"uv": [5, 12, 6, 13], "texture": "#2"},
				"west": {"uv": [5, 12, 6, 13], "texture": "#2"},
				"up": {"uv": [6, 12, 5, 13], "rotation": 180, "texture": "#2"},
				"down": {"uv": [5, 12, 6, 13], "texture": "#2"}
			}
		},
		{
			"name": "fishing_rod_52",
			"from": [6, 3, 7.5],
			"to": [7, 4, 8.5],
			"faces": {
				"north": {"uv": [6, 13, 7, 12], "rotation": 180, "texture": "#2"},
				"east": {"uv": [6, 12, 7, 13], "texture": "#2"},
				"south": {"uv": [6, 12, 7, 13], "texture": "#2"},
				"west": {"uv": [6, 12, 7, 13], "texture": "#2"},
				"up": {"uv": [7, 12, 6, 13], "rotation": 180, "texture": "#2"},
				"down": {"uv": [6, 12, 7, 13], "texture": "#2"}
			}
		},
		{
			"name": "fishing_rod_53",
			"from": [7, 3, 7.5],
			"to": [8, 4, 8.5],
			"faces": {
				"north": {"uv": [7, 13, 8, 12], "rotation": 180, "texture": "#2"},
				"east": {"uv": [7, 12, 8, 13], "texture": "#2"},
				"south": {"uv": [7, 12, 8, 13], "texture": "#2"},
				"west": {"uv": [7, 12, 8, 13], "texture": "#2"},
				"up": {"uv": [8, 12, 7, 13], "rotation": 180, "texture": "#2"},
				"down": {"uv": [7, 12, 8, 13], "texture": "#2"}
			}
		},
		{
			"name": "fishing_rod_54",
			"from": [8, 3, 7.5],
			"to": [9, 4, 8.5],
			"faces": {
				"north": {"uv": [8, 13, 9, 12], "rotation": 180, "texture": "#2"},
				"east": {"uv": [8, 12, 9, 13], "texture": "#2"},
				"south": {"uv": [8, 12, 9, 13], "texture": "#2"},
				"west": {"uv": [8, 12, 9, 13], "texture": "#2"},
				"up": {"uv": [9, 12, 8, 13], "rotation": 180, "texture": "#2"},
				"down": {"uv": [8, 12, 9, 13], "texture": "#2"}
			}
		},
		{
			"name": "fishing_rod_55",
			"from": [12, 3, 7.5],
			"to": [13, 4, 8.5],
			"faces": {
				"north": {"uv": [12, 13, 13, 12], "rotation": 180, "texture": "#2"},
				"east": {"uv": [12, 12, 13, 13], "texture": "#2"},
				"south": {"uv": [12, 12, 13, 13], "texture": "#2"},
				"west": {"uv": [12, 12, 13, 13], "texture": "#2"},
				"up": {"uv": [13, 12, 12, 13], "rotation": 180, "texture": "#2"},
				"down": {"uv": [12, 12, 13, 13], "texture": "#2"}
			}
		},
		{
			"name": "fishing_rod_56",
			"from": [2, 2, 7.5],
			"to": [3, 3, 8.5],
			"faces": {
				"north": {"uv": [2, 14, 3, 13], "rotation": 180, "texture": "#2"},
				"east": {"uv": [2, 13, 3, 14], "texture": "#2"},
				"south": {"uv": [2, 13, 3, 14], "texture": "#2"},
				"west": {"uv": [2, 13, 3, 14], "texture": "#2"},
				"up": {"uv": [3, 13, 2, 14], "rotation": 180, "texture": "#2"},
				"down": {"uv": [2, 13, 3, 14], "texture": "#2"}
			}
		},
		{
			"name": "fishing_rod_57",
			"from": [3, 2, 7.5],
			"to": [4, 3, 8.5],
			"faces": {
				"north": {"uv": [3, 14, 4, 13], "rotation": 180, "texture": "#2"},
				"east": {"uv": [3, 13, 4, 14], "texture": "#2"},
				"south": {"uv": [3, 13, 4, 14], "texture": "#2"},
				"west": {"uv": [3, 13, 4, 14], "texture": "#2"},
				"up": {"uv": [4, 13, 3, 14], "rotation": 180, "texture": "#2"},
				"down": {"uv": [3, 13, 4, 14], "texture": "#2"}
			}
		},
		{
			"name": "fishing_rod_58",
			"from": [4, 2, 7.5],
			"to": [5, 3, 8.5],
			"faces": {
				"north": {"uv": [4, 14, 5, 13], "rotation": 180, "texture": "#2"},
				"east": {"uv": [4, 13, 5, 14], "texture": "#2"},
				"south": {"uv": [4, 13, 5, 14], "texture": "#2"},
				"west": {"uv": [4, 13, 5, 14], "texture": "#2"},
				"up": {"uv": [5, 13, 4, 14], "rotation": 180, "texture": "#2"},
				"down": {"uv": [4, 13, 5, 14], "texture": "#2"}
			}
		},
		{
			"name": "fishing_rod_59",
			"from": [6, 2, 7.5],
			"to": [7, 3, 8.5],
			"faces": {
				"north": {"uv": [6, 14, 7, 13], "rotation": 180, "texture": "#2"},
				"east": {"uv": [6, 13, 7, 14], "texture": "#2"},
				"south": {"uv": [6, 13, 7, 14], "texture": "#2"},
				"west": {"uv": [6, 13, 7, 14], "texture": "#2"},
				"up": {"uv": [7, 13, 6, 14], "rotation": 180, "texture": "#2"},
				"down": {"uv": [6, 13, 7, 14], "texture": "#2"}
			}
		},
		{
			"name": "fishing_rod_60",
			"from": [7, 2, 7.5],
			"to": [8, 3, 8.5],
			"faces": {
				"north": {"uv": [7, 14, 8, 13], "rotation": 180, "texture": "#2"},
				"east": {"uv": [7, 13, 8, 14], "texture": "#2"},
				"south": {"uv": [7, 13, 8, 14], "texture": "#2"},
				"west": {"uv": [7, 13, 8, 14], "texture": "#2"},
				"up": {"uv": [8, 13, 7, 14], "rotation": 180, "texture": "#2"},
				"down": {"uv": [7, 13, 8, 14], "texture": "#2"}
			}
		},
		{
			"name": "fishing_rod_61",
			"from": [10, 2, 7.5],
			"to": [11, 3, 8.5],
			"faces": {
				"north": {"uv": [10, 14, 11, 13], "rotation": 180, "texture": "#2"},
				"east": {"uv": [10, 13, 11, 14], "texture": "#2"},
				"south": {"uv": [10, 13, 11, 14], "texture": "#2"},
				"west": {"uv": [10, 13, 11, 14], "texture": "#2"},
				"up": {"uv": [11, 13, 10, 14], "rotation": 180, "texture": "#2"},
				"down": {"uv": [10, 13, 11, 14], "texture": "#2"}
			}
		},
		{
			"name": "fishing_rod_62",
			"from": [12, 2, 7.5],
			"to": [13, 3, 8.5],
			"faces": {
				"north": {"uv": [12, 14, 13, 13], "rotation": 180, "texture": "#2"},
				"east": {"uv": [12, 13, 13, 14], "texture": "#2"},
				"south": {"uv": [12, 13, 13, 14], "texture": "#2"},
				"west": {"uv": [12, 13, 13, 14], "texture": "#2"},
				"up": {"uv": [13, 13, 12, 14], "rotation": 180, "texture": "#2"},
				"down": {"uv": [12, 13, 13, 14], "texture": "#2"}
			}
		},
		{
			"name": "fishing_rod_63",
			"from": [2, 1, 7.5],
			"to": [3, 2, 8.5],
			"faces": {
				"north": {"uv": [2, 15, 3, 14], "rotation": 180, "texture": "#2"},
				"east": {"uv": [2, 14, 3, 15], "texture": "#2"},
				"south": {"uv": [2, 14, 3, 15], "texture": "#2"},
				"west": {"uv": [2, 14, 3, 15], "texture": "#2"},
				"up": {"uv": [3, 14, 2, 15], "rotation": 180, "texture": "#2"},
				"down": {"uv": [2, 14, 3, 15], "texture": "#2"}
			}
		},
		{
			"name": "fishing_rod_64",
			"from": [3, 1, 7.5],
			"to": [4, 2, 8.5],
			"faces": {
				"north": {"uv": [3, 15, 4, 14], "rotation": 180, "texture": "#2"},
				"east": {"uv": [3, 14, 4, 15], "texture": "#2"},
				"south": {"uv": [3, 14, 4, 15], "texture": "#2"},
				"west": {"uv": [3, 14, 4, 15], "texture": "#2"},
				"up": {"uv": [4, 14, 3, 15], "rotation": 180, "texture": "#2"},
				"down": {"uv": [3, 14, 4, 15], "texture": "#2"}
			}
		},
		{
			"name": "fishing_rod_65",
			"from": [10, 1, 7.5],
			"to": [11, 2, 8.5],
			"faces": {
				"north": {"uv": [10, 15, 11, 14], "rotation": 180, "texture": "#2"},
				"east": {"uv": [10, 14, 11, 15], "texture": "#2"},
				"south": {"uv": [10, 14, 11, 15], "texture": "#2"},
				"west": {"uv": [10, 14, 11, 15], "texture": "#2"},
				"up": {"uv": [11, 14, 10, 15], "rotation": 180, "texture": "#2"},
				"down": {"uv": [10, 14, 11, 15], "texture": "#2"}
			}
		},
		{
			"name": "fishing_rod_66",
			"from": [11, 1, 7.5],
			"to": [12, 2, 8.5],
			"faces": {
				"north": {"uv": [11, 15, 12, 14], "rotation": 180, "texture": "#2"},
				"east": {"uv": [11, 14, 12, 15], "texture": "#2"},
				"south": {"uv": [11, 14, 12, 15], "texture": "#2"},
				"west": {"uv": [11, 14, 12, 15], "texture": "#2"},
				"up": {"uv": [12, 14, 11, 15], "rotation": 180, "texture": "#2"},
				"down": {"uv": [11, 14, 12, 15], "texture": "#2"}
			}
		}
	],
	"groups": [
		{
			"name": "fishing_rod",
			"origin": [8, 8, 8],
			"children": [0, 1, 2, 3, 4, 5, 6, 7, 8, 9, 10, 11, 12, 13, 14, 15, 16, 17, 18, 19, 20, 21, 22, 23, 24, 25, 26, 27, 28, 29, 30, 31, 32, 33, 34, 35, 36, 37, 38, 39, 40, 41, 42, 43, 44, 45, 46, 47, 48, 49, 50, 51, 52, 53, 54, 55, 56, 57, 58, 59, 60, 61, 62, 63, 64, 65, 66]
		}
	],
   "display": {
        "gui": {
            "rotation": 	[ 0, 0, 0 ],
            "translation": 	[ 0, 0, 0],
            "scale":		[ 1, 1, 1 ]
        },
        "ground": {
			"rotation": 	[ 0, 0, 0 ],
			"translation": 	[ 0, 3, 0 ],
			"scale": 		[ 0.50, 0.50, 0.50 ]
        },
        "fixed": {
			"rotation": 	[ 0, 180, 0 ],
			"translation": 	[ 0, 0, 0 ],
			"scale": 		[ 1.02, 1.02, 1.02 ]
        },
		"head": {
            "rotation": 	[ 0, 180, 0 ],
            "translation": 	[ 0, 13, 7],
            "scale":		[ 1, 1, 1]
        },
        "thirdperson_righthand": {
            "rotation": 	[ 0, 90, 50 ],
            "translation": 	[ 0, 4.0, 2 ],
            "scale": 		[ 0.85, 0.85, 0.85 ]
        },
        "thirdperson_lefthand": {
            "rotation": 	[ 0, -90, -50 ],
            "translation": 	[ 0, 4.0, 2 ],
            "scale": 		[ 0.85, 0.85, 0.85 ]
        },
        "firstperson_righthand": {
            "rotation": 	[ 0, 90, 25 ],
            "translation": 	[ 1.13, 1.75, 1.13],
            "scale": 		[ 0.68, 0.68, 0.68 ]
        },
        "firstperson_lefthand": {
            "rotation": 	[ 0, -90, -25 ],
            "translation": 	[ 1.13, 1.75, 1.13],
            "scale": 		[ 0.68, 0.68, 0.68 ]
        }
    },
    "overrides": [
        {
            "predicate": {
                "cast": 1
            },
            "model": "item/fishing_rod_cast"
        }
    ]
}