{
	"credit": "Made with Blockbench",
	"gui_light": "front",
	"textures": {
		"5": "item/shears",
		"particle": "item/shears"
	},
	"elements": [
		{
			"name": "shears_0",
			"from": [8, 13, 7.5],
			"to": [9, 14, 8.5],
			"faces": {
				"north": {"uv": [8, 3, 9, 2], "rotation": 180, "texture": "#5"},
				"east": {"uv": [8, 2, 9, 3], "texture": "#5"},
				"south": {"uv": [8, 2, 9, 3], "texture": "#5"},
				"west": {"uv": [8, 2, 9, 3], "texture": "#5"},
				"up": {"uv": [9, 2, 8, 3], "rotation": 180, "texture": "#5"},
				"down": {"uv": [8, 2, 9, 3], "texture": "#5"}
			}
		},
		{
			"name": "shears_1",
			"from": [9, 13, 7.5],
			"to": [10, 14, 8.5],
			"faces": {
				"north": {"uv": [9, 3, 10, 2], "rotation": 180, "texture": "#5"},
				"east": {"uv": [9, 2, 10, 3], "texture": "#5"},
				"south": {"uv": [9, 2, 10, 3], "texture": "#5"},
				"west": {"uv": [9, 2, 10, 3], "texture": "#5"},
				"up": {"uv": [10, 2, 9, 3], "rotation": 180, "texture": "#5"},
				"down": {"uv": [9, 2, 10, 3], "texture": "#5"}
			}
		},
		{
			"name": "shears_2",
			"from": [10, 13, 7.5],
			"to": [11, 14, 8.5],
			"faces": {
				"north": {"uv": [10, 3, 11, 2], "rotation": 180, "texture": "#5"},
				"east": {"uv": [10, 2, 11, 3], "texture": "#5"},
				"south": {"uv": [10, 2, 11, 3], "texture": "#5"},
				"west": {"uv": [10, 2, 11, 3], "texture": "#5"},
				"up": {"uv": [11, 2, 10, 3], "rotation": 180, "texture": "#5"},
				"down": {"uv": [10, 2, 11, 3], "texture": "#5"}
			}
		},
		{
			"name": "shears_3",
			"from": [11, 13, 7.5],
			"to": [12, 14, 8.5],
			"faces": {
				"north": {"uv": [11, 3, 12, 2], "rotation": 180, "texture": "#5"},
				"east": {"uv": [11, 2, 12, 3], "texture": "#5"},
				"south": {"uv": [11, 2, 12, 3], "texture": "#5"},
				"west": {"uv": [11, 2, 12, 3], "texture": "#5"},
				"up": {"uv": [12, 2, 11, 3], "rotation": 180, "texture": "#5"},
				"down": {"uv": [11, 2, 12, 3], "texture": "#5"}
			}
		},
		{
			"name": "shears_4",
			"from": [12, 13, 7.5],
			"to": [13, 14, 8.5],
			"faces": {
				"north": {"uv": [12, 3, 13, 2], "rotation": 180, "texture": "#5"},
				"east": {"uv": [12, 2, 13, 3], "texture": "#5"},
				"south": {"uv": [12, 2, 13, 3], "texture": "#5"},
				"west": {"uv": [12, 2, 13, 3], "texture": "#5"},
				"up": {"uv": [13, 2, 12, 3], "rotation": 180, "texture": "#5"},
				"down": {"uv": [12, 2, 13, 3], "texture": "#5"}
			}
		},
		{
			"name": "shears_5",
			"from": [7, 12, 7.5],
			"to": [8, 13, 8.5],
			"faces": {
				"north": {"uv": [7, 4, 8, 3], "rotation": 180, "texture": "#5"},
				"east": {"uv": [7, 3, 8, 4], "texture": "#5"},
				"south": {"uv": [7, 3, 8, 4], "texture": "#5"},
				"west": {"uv": [7, 3, 8, 4], "texture": "#5"},
				"up": {"uv": [8, 3, 7, 4], "rotation": 180, "texture": "#5"},
				"down": {"uv": [7, 3, 8, 4], "texture": "#5"}
			}
		},
		{
			"name": "shears_6",
			"from": [8, 12, 7.5],
			"to": [9, 13, 8.5],
			"faces": {
				"north": {"uv": [8, 4, 9, 3], "rotation": 180, "texture": "#5"},
				"east": {"uv": [8, 3, 9, 4], "texture": "#5"},
				"south": {"uv": [8, 3, 9, 4], "texture": "#5"},
				"west": {"uv": [8, 3, 9, 4], "texture": "#5"},
				"up": {"uv": [9, 3, 8, 4], "rotation": 180, "texture": "#5"},
				"down": {"uv": [8, 3, 9, 4], "texture": "#5"}
			}
		},
		{
			"name": "shears_7",
			"from": [9, 12, 7.5],
			"to": [10, 13, 8.5],
			"faces": {
				"north": {"uv": [9, 4, 10, 3], "rotation": 180, "texture": "#5"},
				"east": {"uv": [9, 3, 10, 4], "texture": "#5"},
				"south": {"uv": [9, 3, 10, 4], "texture": "#5"},
				"west": {"uv": [9, 3, 10, 4], "texture": "#5"},
				"up": {"uv": [10, 3, 9, 4], "rotation": 180, "texture": "#5"},
				"down": {"uv": [9, 3, 10, 4], "texture": "#5"}
			}
		},
		{
			"name": "shears_8",
			"from": [10, 12, 7.5],
			"to": [11, 13, 8.5],
			"faces": {
				"north": {"uv": [10, 4, 11, 3], "rotation": 180, "texture": "#5"},
				"east": {"uv": [10, 3, 11, 4], "texture": "#5"},
				"south": {"uv": [10, 3, 11, 4], "texture": "#5"},
				"west": {"uv": [10, 3, 11, 4], "texture": "#5"},
				"up": {"uv": [11, 3, 10, 4], "rotation": 180, "texture": "#5"},
				"down": {"uv": [10, 3, 11, 4], "texture": "#5"}
			}
		},
		{
			"name": "shears_9",
			"from": [11, 12, 7.5],
			"to": [12, 13, 8.5],
			"faces": {
				"north": {"uv": [11, 4, 12, 3], "rotation": 180, "texture": "#5"},
				"east": {"uv": [11, 3, 12, 4], "texture": "#5"},
				"south": {"uv": [11, 3, 12, 4], "texture": "#5"},
				"west": {"uv": [11, 3, 12, 4], "texture": "#5"},
				"up": {"uv": [12, 3, 11, 4], "rotation": 180, "texture": "#5"},
				"down": {"uv": [11, 3, 12, 4], "texture": "#5"}
			}
		},
		{
			"name": "shears_10",
			"from": [13, 12, 7.5],
			"to": [14, 13, 8.5],
			"faces": {
				"north": {"uv": [13, 4, 14, 3], "rotation": 180, "texture": "#5"},
				"east": {"uv": [13, 3, 14, 4], "texture": "#5"},
				"south": {"uv": [13, 3, 14, 4], "texture": "#5"},
				"west": {"uv": [13, 3, 14, 4], "texture": "#5"},
				"up": {"uv": [14, 3, 13, 4], "rotation": 180, "texture": "#5"},
				"down": {"uv": [13, 3, 14, 4], "texture": "#5"}
			}
		},
		{
			"name": "shears_11",
			"from": [6, 11, 7.5],
			"to": [7, 12, 8.5],
			"faces": {
				"north": {"uv": [6, 5, 7, 4], "rotation": 180, "texture": "#5"},
				"east": {"uv": [6, 4, 7, 5], "texture": "#5"},
				"south": {"uv": [6, 4, 7, 5], "texture": "#5"},
				"west": {"uv": [6, 4, 7, 5], "texture": "#5"},
				"up": {"uv": [7, 4, 6, 5], "rotation": 180, "texture": "#5"},
				"down": {"uv": [6, 4, 7, 5], "texture": "#5"}
			}
		},
		{
			"name": "shears_12",
			"from": [7, 11, 7.5],
			"to": [8, 12, 8.5],
			"faces": {
				"north": {"uv": [7, 5, 8, 4], "rotation": 180, "texture": "#5"},
				"east": {"uv": [7, 4, 8, 5], "texture": "#5"},
				"south": {"uv": [7, 4, 8, 5], "texture": "#5"},
				"west": {"uv": [7, 4, 8, 5], "texture": "#5"},
				"up": {"uv": [8, 4, 7, 5], "rotation": 180, "texture": "#5"},
				"down": {"uv": [7, 4, 8, 5], "texture": "#5"}
			}
		},
		{
			"name": "shears_13",
			"from": [8, 11, 7.5],
			"to": [9, 12, 8.5],
			"faces": {
				"north": {"uv": [8, 5, 9, 4], "rotation": 180, "texture": "#5"},
				"east": {"uv": [8, 4, 9, 5], "texture": "#5"},
				"south": {"uv": [8, 4, 9, 5], "texture": "#5"},
				"west": {"uv": [8, 4, 9, 5], "texture": "#5"},
				"up": {"uv": [9, 4, 8, 5], "rotation": 180, "texture": "#5"},
				"down": {"uv": [8, 4, 9, 5], "texture": "#5"}
			}
		},
		{
			"name": "shears_14",
			"from": [9, 11, 7.5],
			"to": [10, 12, 8.5],
			"faces": {
				"north": {"uv": [9, 5, 10, 4], "rotation": 180, "texture": "#5"},
				"east": {"uv": [9, 4, 10, 5], "texture": "#5"},
				"south": {"uv": [9, 4, 10, 5], "texture": "#5"},
				"west": {"uv": [9, 4, 10, 5], "texture": "#5"},
				"up": {"uv": [10, 4, 9, 5], "rotation": 180, "texture": "#5"},
				"down": {"uv": [9, 4, 10, 5], "texture": "#5"}
			}
		},
		{
			"name": "shears_15",
			"from": [10, 11, 7.5],
			"to": [11, 12, 8.5],
			"faces": {
				"north": {"uv": [10, 5, 11, 4], "rotation": 180, "texture": "#5"},
				"east": {"uv": [10, 4, 11, 5], "texture": "#5"},
				"south": {"uv": [10, 4, 11, 5], "texture": "#5"},
				"west": {"uv": [10, 4, 11, 5], "texture": "#5"},
				"up": {"uv": [11, 4, 10, 5], "rotation": 180, "texture": "#5"},
				"down": {"uv": [10, 4, 11, 5], "texture": "#5"}
			}
		},
		{
			"name": "shears_16",
			"from": [12, 11, 7.5],
			"to": [13, 12, 8.5],
			"faces": {
				"north": {"uv": [12, 5, 13, 4], "rotation": 180, "texture": "#5"},
				"east": {"uv": [12, 4, 13, 5], "texture": "#5"},
				"south": {"uv": [12, 4, 13, 5], "texture": "#5"},
				"west": {"uv": [12, 4, 13, 5], "texture": "#5"},
				"up": {"uv": [13, 4, 12, 5], "rotation": 180, "texture": "#5"},
				"down": {"uv": [12, 4, 13, 5], "texture": "#5"}
			}
		},
		{
			"name": "shears_17",
			"from": [13, 11, 7.5],
			"to": [14, 12, 8.5],
			"faces": {
				"north": {"uv": [13, 5, 14, 4], "rotation": 180, "texture": "#5"},
				"east": {"uv": [13, 4, 14, 5], "texture": "#5"},
				"south": {"uv": [13, 4, 14, 5], "texture": "#5"},
				"west": {"uv": [13, 4, 14, 5], "texture": "#5"},
				"up": {"uv": [14, 4, 13, 5], "rotation": 180, "texture": "#5"},
				"down": {"uv": [13, 4, 14, 5], "texture": "#5"}
			}
		},
		{
			"name": "shears_18",
			"from": [5, 10, 7.5],
			"to": [6, 11, 8.5],
			"faces": {
				"north": {"uv": [5, 6, 6, 5], "rotation": 180, "texture": "#5"},
				"east": {"uv": [5, 5, 6, 6], "texture": "#5"},
				"south": {"uv": [5, 5, 6, 6], "texture": "#5"},
				"west": {"uv": [5, 5, 6, 6], "texture": "#5"},
				"up": {"uv": [6, 5, 5, 6], "rotation": 180, "texture": "#5"},
				"down": {"uv": [5, 5, 6, 6], "texture": "#5"}
			}
		},
		{
			"name": "shears_19",
			"from": [6, 10, 7.5],
			"to": [7, 11, 8.5],
			"faces": {
				"north": {"uv": [6, 6, 7, 5], "rotation": 180, "texture": "#5"},
				"east": {"uv": [6, 5, 7, 6], "texture": "#5"},
				"south": {"uv": [6, 5, 7, 6], "texture": "#5"},
				"west": {"uv": [6, 5, 7, 6], "texture": "#5"},
				"up": {"uv": [7, 5, 6, 6], "rotation": 180, "texture": "#5"},
				"down": {"uv": [6, 5, 7, 6], "texture": "#5"}
			}
		},
		{
			"name": "shears_20",
			"from": [7, 10, 7.5],
			"to": [8, 11, 8.5],
			"faces": {
				"north": {"uv": [7, 6, 8, 5], "rotation": 180, "texture": "#5"},
				"east": {"uv": [7, 5, 8, 6], "texture": "#5"},
				"south": {"uv": [7, 5, 8, 6], "texture": "#5"},
				"west": {"uv": [7, 5, 8, 6], "texture": "#5"},
				"up": {"uv": [8, 5, 7, 6], "rotation": 180, "texture": "#5"},
				"down": {"uv": [7, 5, 8, 6], "texture": "#5"}
			}
		},
		{
			"name": "shears_21",
			"from": [8, 10, 7.5],
			"to": [9, 11, 8.5],
			"faces": {
				"north": {"uv": [8, 6, 9, 5], "rotation": 180, "texture": "#5"},
				"east": {"uv": [8, 5, 9, 6], "texture": "#5"},
				"south": {"uv": [8, 5, 9, 6], "texture": "#5"},
				"west": {"uv": [8, 5, 9, 6], "texture": "#5"},
				"up": {"uv": [9, 5, 8, 6], "rotation": 180, "texture": "#5"},
				"down": {"uv": [8, 5, 9, 6], "texture": "#5"}
			}
		},
		{
			"name": "shears_22",
			"from": [9, 10, 7.5],
			"to": [10, 11, 8.5],
			"faces": {
				"north": {"uv": [9, 6, 10, 5], "rotation": 180, "texture": "#5"},
				"east": {"uv": [9, 5, 10, 6], "texture": "#5"},
				"south": {"uv": [9, 5, 10, 6], "texture": "#5"},
				"west": {"uv": [9, 5, 10, 6], "texture": "#5"},
				"up": {"uv": [10, 5, 9, 6], "rotation": 180, "texture": "#5"},
				"down": {"uv": [9, 5, 10, 6], "texture": "#5"}
			}
		},
		{
			"name": "shears_23",
			"from": [11, 10, 7.5],
			"to": [12, 11, 8.5],
			"faces": {
				"north": {"uv": [11, 6, 12, 5], "rotation": 180, "texture": "#5"},
				"east": {"uv": [11, 5, 12, 6], "texture": "#5"},
				"south": {"uv": [11, 5, 12, 6], "texture": "#5"},
				"west": {"uv": [11, 5, 12, 6], "texture": "#5"},
				"up": {"uv": [12, 5, 11, 6], "rotation": 180, "texture": "#5"},
				"down": {"uv": [11, 5, 12, 6], "texture": "#5"}
			}
		},
		{
			"name": "shears_24",
			"from": [12, 10, 7.5],
			"to": [13, 11, 8.5],
			"faces": {
				"north": {"uv": [12, 6, 13, 5], "rotation": 180, "texture": "#5"},
				"east": {"uv": [12, 5, 13, 6], "texture": "#5"},
				"south": {"uv": [12, 5, 13, 6], "texture": "#5"},
				"west": {"uv": [12, 5, 13, 6], "texture": "#5"},
				"up": {"uv": [13, 5, 12, 6], "rotation": 180, "texture": "#5"},
				"down": {"uv": [12, 5, 13, 6], "texture": "#5"}
			}
		},
		{
			"name": "shears_25",
			"from": [13, 10, 7.5],
			"to": [14, 11, 8.5],
			"faces": {
				"north": {"uv": [13, 6, 14, 5], "rotation": 180, "texture": "#5"},
				"east": {"uv": [13, 5, 14, 6], "texture": "#5"},
				"south": {"uv": [13, 5, 14, 6], "texture": "#5"},
				"west": {"uv": [13, 5, 14, 6], "texture": "#5"},
				"up": {"uv": [14, 5, 13, 6], "rotation": 180, "texture": "#5"},
				"down": {"uv": [13, 5, 14, 6], "texture": "#5"}
			}
		},
		{
			"name": "shears_26",
			"from": [4, 9, 7.5],
			"to": [5, 10, 8.5],
			"faces": {
				"north": {"uv": [4, 7, 5, 6], "rotation": 180, "texture": "#5"},
				"east": {"uv": [4, 6, 5, 7], "texture": "#5"},
				"south": {"uv": [4, 6, 5, 7], "texture": "#5"},
				"west": {"uv": [4, 6, 5, 7], "texture": "#5"},
				"up": {"uv": [5, 6, 4, 7], "rotation": 180, "texture": "#5"},
				"down": {"uv": [4, 6, 5, 7], "texture": "#5"}
			}
		},
		{
			"name": "shears_27",
			"from": [5, 9, 7.5],
			"to": [6, 10, 8.5],
			"faces": {
				"north": {"uv": [5, 7, 6, 6], "rotation": 180, "texture": "#5"},
				"east": {"uv": [5, 6, 6, 7], "texture": "#5"},
				"south": {"uv": [5, 6, 6, 7], "texture": "#5"},
				"west": {"uv": [5, 6, 6, 7], "texture": "#5"},
				"up": {"uv": [6, 6, 5, 7], "rotation": 180, "texture": "#5"},
				"down": {"uv": [5, 6, 6, 7], "texture": "#5"}
			}
		},
		{
			"name": "shears_28",
			"from": [6, 9, 7.5],
			"to": [7, 10, 8.5],
			"faces": {
				"north": {"uv": [6, 7, 7, 6], "rotation": 180, "texture": "#5"},
				"east": {"uv": [6, 6, 7, 7], "texture": "#5"},
				"south": {"uv": [6, 6, 7, 7], "texture": "#5"},
				"west": {"uv": [6, 6, 7, 7], "texture": "#5"},
				"up": {"uv": [7, 6, 6, 7], "rotation": 180, "texture": "#5"},
				"down": {"uv": [6, 6, 7, 7], "texture": "#5"}
			}
		},
		{
			"name": "shears_29",
			"from": [7, 9, 7.5],
			"to": [8, 10, 8.5],
			"faces": {
				"north": {"uv": [7, 7, 8, 6], "rotation": 180, "texture": "#5"},
				"east": {"uv": [7, 6, 8, 7], "texture": "#5"},
				"south": {"uv": [7, 6, 8, 7], "texture": "#5"},
				"west": {"uv": [7, 6, 8, 7], "texture": "#5"},
				"up": {"uv": [8, 6, 7, 7], "rotation": 180, "texture": "#5"},
				"down": {"uv": [7, 6, 8, 7], "texture": "#5"}
			}
		},
		{
			"name": "shears_30",
			"from": [8, 9, 7.5],
			"to": [9, 10, 8.5],
			"faces": {
				"north": {"uv": [8, 7, 9, 6], "rotation": 180, "texture": "#5"},
				"east": {"uv": [8, 6, 9, 7], "texture": "#5"},
				"south": {"uv": [8, 6, 9, 7], "texture": "#5"},
				"west": {"uv": [8, 6, 9, 7], "texture": "#5"},
				"up": {"uv": [9, 6, 8, 7], "rotation": 180, "texture": "#5"},
				"down": {"uv": [8, 6, 9, 7], "texture": "#5"}
			}
		},
		{
			"name": "shears_31",
			"from": [10, 9, 7.5],
			"to": [11, 10, 8.5],
			"faces": {
				"north": {"uv": [10, 7, 11, 6], "rotation": 180, "texture": "#5"},
				"east": {"uv": [10, 6, 11, 7], "texture": "#5"},
				"south": {"uv": [10, 6, 11, 7], "texture": "#5"},
				"west": {"uv": [10, 6, 11, 7], "texture": "#5"},
				"up": {"uv": [11, 6, 10, 7], "rotation": 180, "texture": "#5"},
				"down": {"uv": [10, 6, 11, 7], "texture": "#5"}
			}
		},
		{
			"name": "shears_32",
			"from": [11, 9, 7.5],
			"to": [12, 10, 8.5],
			"faces": {
				"north": {"uv": [11, 7, 12, 6], "rotation": 180, "texture": "#5"},
				"east": {"uv": [11, 6, 12, 7], "texture": "#5"},
				"south": {"uv": [11, 6, 12, 7], "texture": "#5"},
				"west": {"uv": [11, 6, 12, 7], "texture": "#5"},
				"up": {"uv": [12, 6, 11, 7], "rotation": 180, "texture": "#5"},
				"down": {"uv": [11, 6, 12, 7], "texture": "#5"}
			}
		},
		{
			"name": "shears_33",
			"from": [12, 9, 7.5],
			"to": [13, 10, 8.5],
			"faces": {
				"north": {"uv": [12, 7, 13, 6], "rotation": 180, "texture": "#5"},
				"east": {"uv": [12, 6, 13, 7], "texture": "#5"},
				"south": {"uv": [12, 6, 13, 7], "texture": "#5"},
				"west": {"uv": [12, 6, 13, 7], "texture": "#5"},
				"up": {"uv": [13, 6, 12, 7], "rotation": 180, "texture": "#5"},
				"down": {"uv": [12, 6, 13, 7], "texture": "#5"}
			}
		},
		{
			"name": "shears_34",
			"from": [13, 9, 7.5],
			"to": [14, 10, 8.5],
			"faces": {
				"north": {"uv": [13, 7, 14, 6], "rotation": 180, "texture": "#5"},
				"east": {"uv": [13, 6, 14, 7], "texture": "#5"},
				"south": {"uv": [13, 6, 14, 7], "texture": "#5"},
				"west": {"uv": [13, 6, 14, 7], "texture": "#5"},
				"up": {"uv": [14, 6, 13, 7], "rotation": 180, "texture": "#5"},
				"down": {"uv": [13, 6, 14, 7], "texture": "#5"}
			}
		},
		{
			"name": "shears_35",
			"from": [4, 8, 7.5],
			"to": [5, 9, 8.5],
			"faces": {
				"north": {"uv": [4, 8, 5, 7], "rotation": 180, "texture": "#5"},
				"east": {"uv": [4, 7, 5, 8], "texture": "#5"},
				"south": {"uv": [4, 7, 5, 8], "texture": "#5"},
				"west": {"uv": [4, 7, 5, 8], "texture": "#5"},
				"up": {"uv": [5, 7, 4, 8], "rotation": 180, "texture": "#5"},
				"down": {"uv": [4, 7, 5, 8], "texture": "#5"}
			}
		},
		{
			"name": "shears_36",
			"from": [5, 8, 7.5],
			"to": [6, 9, 8.5],
			"faces": {
				"north": {"uv": [5, 8, 6, 7], "rotation": 180, "texture": "#5"},
				"east": {"uv": [5, 7, 6, 8], "texture": "#5"},
				"south": {"uv": [5, 7, 6, 8], "texture": "#5"},
				"west": {"uv": [5, 7, 6, 8], "texture": "#5"},
				"up": {"uv": [6, 7, 5, 8], "rotation": 180, "texture": "#5"},
				"down": {"uv": [5, 7, 6, 8], "texture": "#5"}
			}
		},
		{
			"name": "shears_37",
			"from": [6, 8, 7.5],
			"to": [7, 9, 8.5],
			"faces": {
				"north": {"uv": [6, 8, 7, 7], "rotation": 180, "texture": "#5"},
				"east": {"uv": [6, 7, 7, 8], "texture": "#5"},
				"south": {"uv": [6, 7, 7, 8], "texture": "#5"},
				"west": {"uv": [6, 7, 7, 8], "texture": "#5"},
				"up": {"uv": [7, 7, 6, 8], "rotation": 180, "texture": "#5"},
				"down": {"uv": [6, 7, 7, 8], "texture": "#5"}
			}
		},
		{
			"name": "shears_38",
			"from": [9, 8, 7.5],
			"to": [10, 9, 8.5],
			"faces": {
				"north": {"uv": [9, 8, 10, 7], "rotation": 180, "texture": "#5"},
				"east": {"uv": [9, 7, 10, 8], "texture": "#5"},
				"south": {"uv": [9, 7, 10, 8], "texture": "#5"},
				"west": {"uv": [9, 7, 10, 8], "texture": "#5"},
				"up": {"uv": [10, 7, 9, 8], "rotation": 180, "texture": "#5"},
				"down": {"uv": [9, 7, 10, 8], "texture": "#5"}
			}
		},
		{
			"name": "shears_39",
			"from": [10, 8, 7.5],
			"to": [11, 9, 8.5],
			"faces": {
				"north": {"uv": [10, 8, 11, 7], "rotation": 180, "texture": "#5"},
				"east": {"uv": [10, 7, 11, 8], "texture": "#5"},
				"south": {"uv": [10, 7, 11, 8], "texture": "#5"},
				"west": {"uv": [10, 7, 11, 8], "texture": "#5"},
				"up": {"uv": [11, 7, 10, 8], "rotation": 180, "texture": "#5"},
				"down": {"uv": [10, 7, 11, 8], "texture": "#5"}
			}
		},
		{
			"name": "shears_40",
			"from": [11, 8, 7.5],
			"to": [12, 9, 8.5],
			"faces": {
				"north": {"uv": [11, 8, 12, 7], "rotation": 180, "texture": "#5"},
				"east": {"uv": [11, 7, 12, 8], "texture": "#5"},
				"south": {"uv": [11, 7, 12, 8], "texture": "#5"},
				"west": {"uv": [11, 7, 12, 8], "texture": "#5"},
				"up": {"uv": [12, 7, 11, 8], "rotation": 180, "texture": "#5"},
				"down": {"uv": [11, 7, 12, 8], "texture": "#5"}
			}
		},
		{
			"name": "shears_41",
			"from": [12, 8, 7.5],
			"to": [13, 9, 8.5],
			"faces": {
				"north": {"uv": [12, 8, 13, 7], "rotation": 180, "texture": "#5"},
				"east": {"uv": [12, 7, 13, 8], "texture": "#5"},
				"south": {"uv": [12, 7, 13, 8], "texture": "#5"},
				"west": {"uv": [12, 7, 13, 8], "texture": "#5"},
				"up": {"uv": [13, 7, 12, 8], "rotation": 180, "texture": "#5"},
				"down": {"uv": [12, 7, 13, 8], "texture": "#5"}
			}
		},
		{
			"name": "shears_42",
			"from": [13, 8, 7.5],
			"to": [14, 9, 8.5],
			"faces": {
				"north": {"uv": [13, 8, 14, 7], "rotation": 180, "texture": "#5"},
				"east": {"uv": [13, 7, 14, 8], "texture": "#5"},
				"south": {"uv": [13, 7, 14, 8], "texture": "#5"},
				"west": {"uv": [13, 7, 14, 8], "texture": "#5"},
				"up": {"uv": [14, 7, 13, 8], "rotation": 180, "texture": "#5"},
				"down": {"uv": [13, 7, 14, 8], "texture": "#5"}
			}
		},
		{
			"name": "shears_43",
			"from": [3, 7, 7.5],
			"to": [4, 8, 8.5],
			"faces": {
				"north": {"uv": [3, 9, 4, 8], "rotation": 180, "texture": "#5"},
				"east": {"uv": [3, 8, 4, 9], "texture": "#5"},
				"south": {"uv": [3, 8, 4, 9], "texture": "#5"},
				"west": {"uv": [3, 8, 4, 9], "texture": "#5"},
				"up": {"uv": [4, 8, 3, 9], "rotation": 180, "texture": "#5"},
				"down": {"uv": [3, 8, 4, 9], "texture": "#5"}
			}
		},
		{
			"name": "shears_44",
			"from": [4, 7, 7.5],
			"to": [5, 8, 8.5],
			"faces": {
				"north": {"uv": [4, 9, 5, 8], "rotation": 180, "texture": "#5"},
				"east": {"uv": [4, 8, 5, 9], "texture": "#5"},
				"south": {"uv": [4, 8, 5, 9], "texture": "#5"},
				"west": {"uv": [4, 8, 5, 9], "texture": "#5"},
				"up": {"uv": [5, 8, 4, 9], "rotation": 180, "texture": "#5"},
				"down": {"uv": [4, 8, 5, 9], "texture": "#5"}
			}
		},
		{
			"name": "shears_45",
			"from": [5, 7, 7.5],
			"to": [6, 8, 8.5],
			"faces": {
				"north": {"uv": [5, 9, 6, 8], "rotation": 180, "texture": "#5"},
				"east": {"uv": [5, 8, 6, 9], "texture": "#5"},
				"south": {"uv": [5, 8, 6, 9], "texture": "#5"},
				"west": {"uv": [5, 8, 6, 9], "texture": "#5"},
				"up": {"uv": [6, 8, 5, 9], "rotation": 180, "texture": "#5"},
				"down": {"uv": [5, 8, 6, 9], "texture": "#5"}
			}
		},
		{
			"name": "shears_46",
			"from": [9, 7, 7.5],
			"to": [10, 8, 8.5],
			"faces": {
				"north": {"uv": [9, 9, 10, 8], "rotation": 180, "texture": "#5"},
				"east": {"uv": [9, 8, 10, 9], "texture": "#5"},
				"south": {"uv": [9, 8, 10, 9], "texture": "#5"},
				"west": {"uv": [9, 8, 10, 9], "texture": "#5"},
				"up": {"uv": [10, 8, 9, 9], "rotation": 180, "texture": "#5"},
				"down": {"uv": [9, 8, 10, 9], "texture": "#5"}
			}
		},
		{
			"name": "shears_47",
			"from": [10, 7, 7.5],
			"to": [11, 8, 8.5],
			"faces": {
				"north": {"uv": [10, 9, 11, 8], "rotation": 180, "texture": "#5"},
				"east": {"uv": [10, 8, 11, 9], "texture": "#5"},
				"south": {"uv": [10, 8, 11, 9], "texture": "#5"},
				"west": {"uv": [10, 8, 11, 9], "texture": "#5"},
				"up": {"uv": [11, 8, 10, 9], "rotation": 180, "texture": "#5"},
				"down": {"uv": [10, 8, 11, 9], "texture": "#5"}
			}
		},
		{
			"name": "shears_48",
			"from": [11, 7, 7.5],
			"to": [12, 8, 8.5],
			"faces": {
				"north": {"uv": [11, 9, 12, 8], "rotation": 180, "texture": "#5"},
				"east": {"uv": [11, 8, 12, 9], "texture": "#5"},
				"south": {"uv": [11, 8, 12, 9], "texture": "#5"},
				"west": {"uv": [11, 8, 12, 9], "texture": "#5"},
				"up": {"uv": [12, 8, 11, 9], "rotation": 180, "texture": "#5"},
				"down": {"uv": [11, 8, 12, 9], "texture": "#5"}
			}
		},
		{
			"name": "shears_49",
			"from": [12, 7, 7.5],
			"to": [13, 8, 8.5],
			"faces": {
				"north": {"uv": [12, 9, 13, 8], "rotation": 180, "texture": "#5"},
				"east": {"uv": [12, 8, 13, 9], "texture": "#5"},
				"south": {"uv": [12, 8, 13, 9], "texture": "#5"},
				"west": {"uv": [12, 8, 13, 9], "texture": "#5"},
				"up": {"uv": [13, 8, 12, 9], "rotation": 180, "texture": "#5"},
				"down": {"uv": [12, 8, 13, 9], "texture": "#5"}
			}
		},
		{
			"name": "shears_50",
			"from": [3, 6, 7.5],
			"to": [4, 7, 8.5],
			"faces": {
				"north": {"uv": [3, 10, 4, 9], "rotation": 180, "texture": "#5"},
				"east": {"uv": [3, 9, 4, 10], "texture": "#5"},
				"south": {"uv": [3, 9, 4, 10], "texture": "#5"},
				"west": {"uv": [3, 9, 4, 10], "texture": "#5"},
				"up": {"uv": [4, 9, 3, 10], "rotation": 180, "texture": "#5"},
				"down": {"uv": [3, 9, 4, 10], "texture": "#5"}
			}
		},
		{
			"name": "shears_51",
			"from": [4, 6, 7.5],
			"to": [5, 7, 8.5],
			"faces": {
				"north": {"uv": [4, 10, 5, 9], "rotation": 180, "texture": "#5"},
				"east": {"uv": [4, 9, 5, 10], "texture": "#5"},
				"south": {"uv": [4, 9, 5, 10], "texture": "#5"},
				"west": {"uv": [4, 9, 5, 10], "texture": "#5"},
				"up": {"uv": [5, 9, 4, 10], "rotation": 180, "texture": "#5"},
				"down": {"uv": [4, 9, 5, 10], "texture": "#5"}
			}
		},
		{
			"name": "shears_52",
			"from": [5, 6, 7.5],
			"to": [6, 7, 8.5],
			"faces": {
				"north": {"uv": [5, 10, 6, 9], "rotation": 180, "texture": "#5"},
				"east": {"uv": [5, 9, 6, 10], "texture": "#5"},
				"south": {"uv": [5, 9, 6, 10], "texture": "#5"},
				"west": {"uv": [5, 9, 6, 10], "texture": "#5"},
				"up": {"uv": [6, 9, 5, 10], "rotation": 180, "texture": "#5"},
				"down": {"uv": [5, 9, 6, 10], "texture": "#5"}
			}
		},
		{
			"name": "shears_53",
			"from": [8, 6, 7.5],
			"to": [9, 7, 8.5],
			"faces": {
				"north": {"uv": [8, 10, 9, 9], "rotation": 180, "texture": "#5"},
				"east": {"uv": [8, 9, 9, 10], "texture": "#5"},
				"south": {"uv": [8, 9, 9, 10], "texture": "#5"},
				"west": {"uv": [8, 9, 9, 10], "texture": "#5"},
				"up": {"uv": [9, 9, 8, 10], "rotation": 180, "texture": "#5"},
				"down": {"uv": [8, 9, 9, 10], "texture": "#5"}
			}
		},
		{
			"name": "shears_54",
			"from": [9, 6, 7.5],
			"to": [10, 7, 8.5],
			"faces": {
				"north": {"uv": [9, 10, 10, 9], "rotation": 180, "texture": "#5"},
				"east": {"uv": [9, 9, 10, 10], "texture": "#5"},
				"south": {"uv": [9, 9, 10, 10], "texture": "#5"},
				"west": {"uv": [9, 9, 10, 10], "texture": "#5"},
				"up": {"uv": [10, 9, 9, 10], "rotation": 180, "texture": "#5"},
				"down": {"uv": [9, 9, 10, 10], "texture": "#5"}
			}
		},
		{
			"name": "shears_55",
			"from": [10, 6, 7.5],
			"to": [11, 7, 8.5],
			"faces": {
				"north": {"uv": [10, 10, 11, 9], "rotation": 180, "texture": "#5"},
				"east": {"uv": [10, 9, 11, 10], "texture": "#5"},
				"south": {"uv": [10, 9, 11, 10], "texture": "#5"},
				"west": {"uv": [10, 9, 11, 10], "texture": "#5"},
				"up": {"uv": [11, 9, 10, 10], "rotation": 180, "texture": "#5"},
				"down": {"uv": [10, 9, 11, 10], "texture": "#5"}
			}
		},
		{
			"name": "shears_56",
			"from": [11, 6, 7.5],
			"to": [12, 7, 8.5],
			"faces": {
				"north": {"uv": [11, 10, 12, 9], "rotation": 180, "texture": "#5"},
				"east": {"uv": [11, 9, 12, 10], "texture": "#5"},
				"south": {"uv": [11, 9, 12, 10], "texture": "#5"},
				"west": {"uv": [11, 9, 12, 10], "texture": "#5"},
				"up": {"uv": [12, 9, 11, 10], "rotation": 180, "texture": "#5"},
				"down": {"uv": [11, 9, 12, 10], "texture": "#5"}
			}
		},
		{
			"name": "shears_57",
			"from": [3, 5, 7.5],
			"to": [4, 6, 8.5],
			"faces": {
				"north": {"uv": [3, 11, 4, 10], "rotation": 180, "texture": "#5"},
				"east": {"uv": [3, 10, 4, 11], "texture": "#5"},
				"south": {"uv": [3, 10, 4, 11], "texture": "#5"},
				"west": {"uv": [3, 10, 4, 11], "texture": "#5"},
				"up": {"uv": [4, 10, 3, 11], "rotation": 180, "texture": "#5"},
				"down": {"uv": [3, 10, 4, 11], "texture": "#5"}
			}
		},
		{
			"name": "shears_58",
			"from": [4, 5, 7.5],
			"to": [5, 6, 8.5],
			"faces": {
				"north": {"uv": [4, 11, 5, 10], "rotation": 180, "texture": "#5"},
				"east": {"uv": [4, 10, 5, 11], "texture": "#5"},
				"south": {"uv": [4, 10, 5, 11], "texture": "#5"},
				"west": {"uv": [4, 10, 5, 11], "texture": "#5"},
				"up": {"uv": [5, 10, 4, 11], "rotation": 180, "texture": "#5"},
				"down": {"uv": [4, 10, 5, 11], "texture": "#5"}
			}
		},
		{
			"name": "shears_59",
			"from": [5, 5, 7.5],
			"to": [6, 6, 8.5],
			"faces": {
				"north": {"uv": [5, 11, 6, 10], "rotation": 180, "texture": "#5"},
				"east": {"uv": [5, 10, 6, 11], "texture": "#5"},
				"south": {"uv": [5, 10, 6, 11], "texture": "#5"},
				"west": {"uv": [5, 10, 6, 11], "texture": "#5"},
				"up": {"uv": [6, 10, 5, 11], "rotation": 180, "texture": "#5"},
				"down": {"uv": [5, 10, 6, 11], "texture": "#5"}
			}
		},
		{
			"name": "shears_60",
			"from": [6, 5, 7.5],
			"to": [7, 6, 8.5],
			"faces": {
				"north": {"uv": [6, 11, 7, 10], "rotation": 180, "texture": "#5"},
				"east": {"uv": [6, 10, 7, 11], "texture": "#5"},
				"south": {"uv": [6, 10, 7, 11], "texture": "#5"},
				"west": {"uv": [6, 10, 7, 11], "texture": "#5"},
				"up": {"uv": [7, 10, 6, 11], "rotation": 180, "texture": "#5"},
				"down": {"uv": [6, 10, 7, 11], "texture": "#5"}
			}
		},
		{
			"name": "shears_61",
			"from": [7, 5, 7.5],
			"to": [8, 6, 8.5],
			"faces": {
				"north": {"uv": [7, 11, 8, 10], "rotation": 180, "texture": "#5"},
				"east": {"uv": [7, 10, 8, 11], "texture": "#5"},
				"south": {"uv": [7, 10, 8, 11], "texture": "#5"},
				"west": {"uv": [7, 10, 8, 11], "texture": "#5"},
				"up": {"uv": [8, 10, 7, 11], "rotation": 180, "texture": "#5"},
				"down": {"uv": [7, 10, 8, 11], "texture": "#5"}
			}
		},
		{
			"name": "shears_62",
			"from": [8, 5, 7.5],
			"to": [9, 6, 8.5],
			"faces": {
				"north": {"uv": [8, 11, 9, 10], "rotation": 180, "texture": "#5"},
				"east": {"uv": [8, 10, 9, 11], "texture": "#5"},
				"south": {"uv": [8, 10, 9, 11], "texture": "#5"},
				"west": {"uv": [8, 10, 9, 11], "texture": "#5"},
				"up": {"uv": [9, 10, 8, 11], "rotation": 180, "texture": "#5"},
				"down": {"uv": [8, 10, 9, 11], "texture": "#5"}
			}
		},
		{
			"name": "shears_63",
			"from": [9, 5, 7.5],
			"to": [10, 6, 8.5],
			"faces": {
				"north": {"uv": [9, 11, 10, 10], "rotation": 180, "texture": "#5"},
				"east": {"uv": [9, 10, 10, 11], "texture": "#5"},
				"south": {"uv": [9, 10, 10, 11], "texture": "#5"},
				"west": {"uv": [9, 10, 10, 11], "texture": "#5"},
				"up": {"uv": [10, 10, 9, 11], "rotation": 180, "texture": "#5"},
				"down": {"uv": [9, 10, 10, 11], "texture": "#5"}
			}
		},
		{
			"name": "shears_64",
			"from": [10, 5, 7.5],
			"to": [11, 6, 8.5],
			"faces": {
				"north": {"uv": [10, 11, 11, 10], "rotation": 180, "texture": "#5"},
				"east": {"uv": [10, 10, 11, 11], "texture": "#5"},
				"south": {"uv": [10, 10, 11, 11], "texture": "#5"},
				"west": {"uv": [10, 10, 11, 11], "texture": "#5"},
				"up": {"uv": [11, 10, 10, 11], "rotation": 180, "texture": "#5"},
				"down": {"uv": [10, 10, 11, 11], "texture": "#5"}
			}
		},
		{
			"name": "shears_65",
			"from": [2, 4, 7.5],
			"to": [3, 5, 8.5],
			"faces": {
				"north": {"uv": [2, 12, 3, 11], "rotation": 180, "texture": "#5"},
				"east": {"uv": [2, 11, 3, 12], "texture": "#5"},
				"south": {"uv": [2, 11, 3, 12], "texture": "#5"},
				"west": {"uv": [2, 11, 3, 12], "texture": "#5"},
				"up": {"uv": [3, 11, 2, 12], "rotation": 180, "texture": "#5"},
				"down": {"uv": [2, 11, 3, 12], "texture": "#5"}
			}
		},
		{
			"name": "shears_66",
			"from": [5, 4, 7.5],
			"to": [6, 5, 8.5],
			"faces": {
				"north": {"uv": [5, 12, 6, 11], "rotation": 180, "texture": "#5"},
				"east": {"uv": [5, 11, 6, 12], "texture": "#5"},
				"south": {"uv": [5, 11, 6, 12], "texture": "#5"},
				"west": {"uv": [5, 11, 6, 12], "texture": "#5"},
				"up": {"uv": [6, 11, 5, 12], "rotation": 180, "texture": "#5"},
				"down": {"uv": [5, 11, 6, 12], "texture": "#5"}
			}
		},
		{
			"name": "shears_67",
			"from": [6, 4, 7.5],
			"to": [7, 5, 8.5],
			"faces": {
				"north": {"uv": [6, 12, 7, 11], "rotation": 180, "texture": "#5"},
				"east": {"uv": [6, 11, 7, 12], "texture": "#5"},
				"south": {"uv": [6, 11, 7, 12], "texture": "#5"},
				"west": {"uv": [6, 11, 7, 12], "texture": "#5"},
				"up": {"uv": [7, 11, 6, 12], "rotation": 180, "texture": "#5"},
				"down": {"uv": [6, 11, 7, 12], "texture": "#5"}
			}
		},
		{
			"name": "shears_68",
			"from": [7, 4, 7.5],
			"to": [8, 5, 8.5],
			"faces": {
				"north": {"uv": [7, 12, 8, 11], "rotation": 180, "texture": "#5"},
				"east": {"uv": [7, 11, 8, 12], "texture": "#5"},
				"south": {"uv": [7, 11, 8, 12], "texture": "#5"},
				"west": {"uv": [7, 11, 8, 12], "texture": "#5"},
				"up": {"uv": [8, 11, 7, 12], "rotation": 180, "texture": "#5"},
				"down": {"uv": [7, 11, 8, 12], "texture": "#5"}
			}
		},
		{
			"name": "shears_69",
			"from": [8, 4, 7.5],
			"to": [9, 5, 8.5],
			"faces": {
				"north": {"uv": [8, 12, 9, 11], "rotation": 180, "texture": "#5"},
				"east": {"uv": [8, 11, 9, 12], "texture": "#5"},
				"south": {"uv": [8, 11, 9, 12], "texture": "#5"},
				"west": {"uv": [8, 11, 9, 12], "texture": "#5"},
				"up": {"uv": [9, 11, 8, 12], "rotation": 180, "texture": "#5"},
				"down": {"uv": [8, 11, 9, 12], "texture": "#5"}
			}
		},
		{
			"name": "shears_70",
			"from": [9, 4, 7.5],
			"to": [10, 5, 8.5],
			"faces": {
				"north": {"uv": [9, 12, 10, 11], "rotation": 180, "texture": "#5"},
				"east": {"uv": [9, 11, 10, 12], "texture": "#5"},
				"south": {"uv": [9, 11, 10, 12], "texture": "#5"},
				"west": {"uv": [9, 11, 10, 12], "texture": "#5"},
				"up": {"uv": [10, 11, 9, 12], "rotation": 180, "texture": "#5"},
				"down": {"uv": [9, 11, 10, 12], "texture": "#5"}
			}
		},
		{
			"name": "shears_71",
			"from": [2, 3, 7.5],
			"to": [3, 4, 8.5],
			"faces": {
				"north": {"uv": [2, 13, 3, 12], "rotation": 180, "texture": "#5"},
				"east": {"uv": [2, 12, 3, 13], "texture": "#5"},
				"south": {"uv": [2, 12, 3, 13], "texture": "#5"},
				"west": {"uv": [2, 12, 3, 13], "texture": "#5"},
				"up": {"uv": [3, 12, 2, 13], "rotation": 180, "texture": "#5"},
				"down": {"uv": [2, 12, 3, 13], "texture": "#5"}
			}
		},
		{
			"name": "shears_72",
			"from": [5, 3, 7.5],
			"to": [6, 4, 8.5],
			"faces": {
				"north": {"uv": [5, 13, 6, 12], "rotation": 180, "texture": "#5"},
				"east": {"uv": [5, 12, 6, 13], "texture": "#5"},
				"south": {"uv": [5, 12, 6, 13], "texture": "#5"},
				"west": {"uv": [5, 12, 6, 13], "texture": "#5"},
				"up": {"uv": [6, 12, 5, 13], "rotation": 180, "texture": "#5"},
				"down": {"uv": [5, 12, 6, 13], "texture": "#5"}
			}
		},
		{
			"name": "shears_73",
			"from": [6, 3, 7.5],
			"to": [7, 4, 8.5],
			"faces": {
				"north": {"uv": [6, 13, 7, 12], "rotation": 180, "texture": "#5"},
				"east": {"uv": [6, 12, 7, 13], "texture": "#5"},
				"south": {"uv": [6, 12, 7, 13], "texture": "#5"},
				"west": {"uv": [6, 12, 7, 13], "texture": "#5"},
				"up": {"uv": [7, 12, 6, 13], "rotation": 180, "texture": "#5"},
				"down": {"uv": [6, 12, 7, 13], "texture": "#5"}
			}
		},
		{
			"name": "shears_74",
			"from": [7, 3, 7.5],
			"to": [8, 4, 8.5],
			"faces": {
				"north": {"uv": [7, 13, 8, 12], "rotation": 180, "texture": "#5"},
				"east": {"uv": [7, 12, 8, 13], "texture": "#5"},
				"south": {"uv": [7, 12, 8, 13], "texture": "#5"},
				"west": {"uv": [7, 12, 8, 13], "texture": "#5"},
				"up": {"uv": [8, 12, 7, 13], "rotation": 180, "texture": "#5"},
				"down": {"uv": [7, 12, 8, 13], "texture": "#5"}
			}
		},
		{
			"name": "shears_75",
			"from": [3, 2, 7.5],
			"to": [4, 3, 8.5],
			"faces": {
				"north": {"uv": [3, 14, 4, 13], "rotation": 180, "texture": "#5"},
				"east": {"uv": [3, 13, 4, 14], "texture": "#5"},
				"south": {"uv": [3, 13, 4, 14], "texture": "#5"},
				"west": {"uv": [3, 13, 4, 14], "texture": "#5"},
				"up": {"uv": [4, 13, 3, 14], "rotation": 180, "texture": "#5"},
				"down": {"uv": [3, 13, 4, 14], "texture": "#5"}
			}
		},
		{
			"name": "shears_76",
			"from": [4, 2, 7.5],
			"to": [5, 3, 8.5],
			"faces": {
				"north": {"uv": [4, 14, 5, 13], "rotation": 180, "texture": "#5"},
				"east": {"uv": [4, 13, 5, 14], "texture": "#5"},
				"south": {"uv": [4, 13, 5, 14], "texture": "#5"},
				"west": {"uv": [4, 13, 5, 14], "texture": "#5"},
				"up": {"uv": [5, 13, 4, 14], "rotation": 180, "texture": "#5"},
				"down": {"uv": [4, 13, 5, 14], "texture": "#5"}
			}
		}
	],
	"groups": [
		{
			"name": "shears",
			"origin": [8, 8, 8],
			"children": [0, 1, 2, 3, 4, 5, 6, 7, 8, 9, 10, 11, 12, 13, 14, 15, 16, 17, 18, 19, 20, 21, 22, 23, 24, 25, 26, 27, 28, 29, 30, 31, 32, 33, 34, 35, 36, 37, 38, 39, 40, 41, 42, 43, 44, 45, 46, 47, 48, 49, 50, 51, 52, 53, 54, 55, 56, 57, 58, 59, 60, 61, 62, 63, 64, 65, 66, 67, 68, 69, 70, 71, 72, 73, 74, 75, 76]
		}
	],
    "display": {
        "gui": {
            "rotation": 	[ 0, 0, 0 ],
            "translation": 	[ 0, 0, 0],
            "scale":		[ 1, 1, 1 ]
        },
        "ground": {
			"rotation": 	[ 0, 0, 0 ],
			"translation": 	[ 0, 3, 0 ],
			"scale": 		[ 0.50, 0.50, 0.50 ]
        },
        "fixed": {
			"rotation": 	[ 0, 180, 0 ],
			"translation": 	[ 0, 0, 0 ],
			"scale": 		[ 1.02, 1.02, 1.02 ]
        },
        "head": {
            "rotation": [ 0, 180, 0 ],
            "translation": [ 0, 13, 7],
            "scale":[ 1, 1, 1]
        },
        "thirdperson_righthand": {
            "rotation": [ 0, 0, 0 ],
            "translation": [ 0, 3, 1 ],
            "scale": [ 0.55, 0.55, 0.55 ]
        },
        "firstperson_righthand": {
            "rotation": [ 0, -90, 25 ],
            "translation": [ 1.13, 3.2, 1.13],
            "scale": [ 0.68, 0.68, 0.68 ]
		}
	}
}