{
  "multipart": [
    {
      "when": {
        "up": "true"
      },
      "apply": {
        "model": "minecraft:block/vine",
        "x": 270,
        "uvlock": false
      }
    },
    {
      "when": {
        "up": "false",
        "north": "false",
        "west": "false",
        "south": "false",
        "east": "false"
      },
      "apply": {
        "model": "minecraft:block/vine",
        "x": 270,
        "uvlock": false
      }
    },
    {
      "when": {
        "north": "true"
      },
      "apply": {
        "model": "minecraft:block/vine"
      }
    },
    {
      "when": {
        "up": "false",
        "north": "false",
        "west": "false",
        "south": "false",
        "east": "false"
      },
      "apply": {
        "model": "minecraft:block/vine"
      }
    },
    {
      "when": {
        "west": "true"
      },
      "apply": {
        "model": "minecraft:block/vine",
        "y": 270,
        "uvlock": false
      }
    },
    {
      "when": {
        "up": "false",
        "north": "false",
        "west": "false",
        "south": "false",
        "east": "false"
      },
      "apply": {
        "model": "minecraft:block/vine",
        "y": 270,
        "uvlock": false
      }
    },
    {
      "when": {
        "south": "true"
      },
      "apply": {
        "model": "minecraft:block/vine",
        "y": 180,
        "uvlock": false
      }
    },
    {
      "when": {
        "up": "false",
        "north": "false",
        "west": "false",
        "south": "false",
        "east": "false"
      },
      "apply": {
        "model": "minecraft:block/vine",
        "y": 180,
        "uvlock": false
      }
    },
    {
      "when": {
        "east": "true"
      },
      "apply": {
        "model": "minecraft:block/vine",
        "y": 90,
        "uvlock": false
      }
    },
    {
      "when": {
        "up": "false",
        "north": "false",
        "west": "false",
        "south": "false",
        "east": "false"
      },
      "apply": {
        "model": "minecraft:block/vine",
        "y": 90,
        "uvlock": false
      }
    }
  ]
}