{
	"credit": "Created by Stridey",
	"parent": "block/block",
	"textures": {
		"1": "block/acacia_fixes",
		"particle": "block/acacia_trapdoor",
		"texture": "block/acacia_trapdoor"
	},
	"elements": [
		{
			"name": "Element",
			"from": [0, 0, 0],
			"to": [2, 3, 16],
			"faces": {
				"north": {"uv": [14, 13, 16, 16], "texture": "#texture", "cullface": "north"},
				"east": {"uv": [4, 3, 7, 13], "rotation": 270, "texture": "#texture"},
				"south": {"uv": [0, 13, 2, 16], "texture": "#texture", "cullface": "south"},
				"west": {"uv": [0, 0, 16, 3], "rotation": 180, "texture": "#texture", "cullface": "west"},
				"up": {"uv": [14, 0, 16, 16], "rotation": 180, "texture": "#texture"},
				"down": {"uv": [0, 0, 2, 16], "texture": "#texture", "cullface": "down"}
			}
		},
		{
			"name": "Element",
			"from": [14, 0, 0],
			"to": [16, 3, 16],
			"faces": {
				"north": {"uv": [0, 13, 2, 16], "texture": "#texture", "cullface": "north"},
				"east": {"uv": [0, 0, 16, 3], "rotation": 180, "texture": "#texture", "cullface": "east"},
				"south": {"uv": [14, 13, 16, 16], "texture": "#texture", "cullface": "south"},
				"west": {"uv": [4, 3, 7, 13], "rotation": 270, "texture": "#texture"},
				"up": {"uv": [0, 0, 2, 16], "rotation": 180, "texture": "#texture"},
				"down": {"uv": [14, 0, 16, 16], "texture": "#texture", "cullface": "down"}
			}
		},
		{
			"name": "Element",
			"from": [2, 0, 0],
			"to": [14, 3, 3],
			"faces": {
				"north": {"uv": [2, 0, 14, 3], "rotation": 180, "texture": "#texture", "cullface": "north"},
				"south": {"uv": [2, 0, 14, 3], "rotation": 180, "texture": "#texture"},
				"up": {"uv": [2, 13, 14, 16], "rotation": 180, "texture": "#texture"},
				"down": {"uv": [2, 13, 14, 16], "texture": "#texture", "cullface": "down"}
			}
		},
		{
			"name": "Element",
			"from": [5, -0.5, 0],
			"to": [11, 3.5, 2],
			"rotation": {"angle": 0, "axis": "y", "origin": [8, 10, 8]},
			"faces": {
				"north": {"uv": [3, 0, 6, 4], "rotation": 180, "texture": "#1", "cullface": "north"},
				"east": {"uv": [5, 14, 6, 16], "rotation": 270, "texture": "#texture"},
				"south": {"uv": [5, 14, 11, 15], "rotation": 180, "texture": "#texture"},
				"west": {"uv": [10, 14, 11, 16], "rotation": 90, "texture": "#texture"},
				"up": {"uv": [5, 14, 11, 16], "rotation": 180, "texture": "#texture"},
				"down": {"uv": [5, 14, 11, 16], "texture": "#texture", "cullface": "down"}
			}
		},
		{
			"name": "Element",
			"from": [2, 0, 13],
			"to": [14, 3, 16],
			"faces": {
				"north": {"uv": [2, 0, 14, 3], "rotation": 180, "texture": "#texture"},
				"south": {"uv": [2, 0, 14, 3], "rotation": 180, "texture": "#texture", "cullface": "south"},
				"up": {"uv": [2, 0, 14, 3], "rotation": 180, "texture": "#texture"},
				"down": {"uv": [2, 0, 14, 3], "texture": "#texture", "cullface": "down"}
			}
		},
		{
			"name": "Element",
			"from": [4, 0, 3],
			"to": [7, 3, 13],
			"faces": {
				"east": {"uv": [4, 3, 7, 13], "rotation": 270, "texture": "#texture"},
				"west": {"uv": [4, 3, 7, 13], "rotation": 270, "texture": "#texture"},
				"up": {"uv": [9, 3, 12, 13], "rotation": 180, "texture": "#texture"},
				"down": {"uv": [4, 3, 7, 13], "texture": "#texture", "cullface": "down"}
			}
		},
		{
			"name": "Element",
			"from": [9, 0, 3],
			"to": [12, 3, 13],
			"faces": {
				"east": {"uv": [4, 3, 7, 13], "rotation": 270, "texture": "#texture"},
				"west": {"uv": [4, 3, 7, 13], "rotation": 270, "texture": "#texture"},
				"up": {"uv": [4, 3, 7, 13], "rotation": 180, "texture": "#texture"},
				"down": {"uv": [9, 3, 12, 13], "texture": "#texture", "cullface": "down"}
			}
		}
	]
}