{
	"credit": "Created by Stridey",
	"textures": {
		"0": "block/bookshelf",
		"1": "block/oak_planks",
		"2": "block/bookshelf_inner",
		"3": "block/bookshelf_shelf",
		"particle": "block/bookshelf"
	},
	"elements": [
		{
			"name": "bookshelf_outer",
			"from": [1, 1, 1],
			"to": [15, 15, 15],
			"faces": {
				"north": {"uv": [1, 1, 15, 15], "texture": "#2", "cullface": "north"},
				"east": {"uv": [1, 1, 15, 15], "texture": "#2", "cullface": "east"},
				"south": {"uv": [1, 1, 15, 15], "texture": "#2", "cullface": "south"},
				"west": {"uv": [1, 1, 15, 15], "texture": "#2", "cullface": "west"}
			}
		},
		{
			"name": "bookshelf_outer",
			"from": [0, 15, 0],
			"to": [16, 16, 16],
			"faces": {
				"north": {"uv": [0, 0, 16, 1], "texture": "#0", "cullface": "north"},
				"east": {"uv": [0, 0, 16, 1], "texture": "#0", "cullface": "east"},
				"south": {"uv": [0, 0, 16, 1], "texture": "#0", "cullface": "south"},
				"west": {"uv": [0, 0, 16, 1], "texture": "#0", "cullface": "west"},
				"up": {"uv": [0, 0, 16, 16], "texture": "#1", "cullface": "up"},
				"down": {"uv": [0, 0, 16, 16], "texture": "#3"}
			}
		},
		{
			"name": "bookshelf_outer",
			"from": [0, 0, 0],
			"to": [16, 1, 16],
			"faces": {
				"north": {"uv": [0, 15, 16, 16], "texture": "#0", "cullface": "north"},
				"east": {"uv": [0, 15, 16, 16], "texture": "#0", "cullface": "east"},
				"south": {"uv": [0, 15, 16, 16], "texture": "#0", "cullface": "south"},
				"west": {"uv": [0, 15, 16, 16], "texture": "#0", "cullface": "west"},
				"up": {"uv": [0, 0, 16, 16], "texture": "#3"},
				"down": {"uv": [0, 0, 16, 16], "texture": "#1", "cullface": "down"}
			}
		},
		{
			"name": "bookshelf_outer",
			"from": [0, 1, 0],
			"to": [1, 15, 1],
			"faces": {
				"north": {"uv": [15, 1, 16, 15], "texture": "#0", "cullface": "north"},
				"east": {"uv": [15, 1, 16, 15], "texture": "#0", "cullface": "north"},
				"south": {"uv": [0, 1, 1, 15], "texture": "#0", "cullface": "west"},
				"west": {"uv": [0, 1, 1, 15], "texture": "#0", "cullface": "west"}
			}
		},
		{
			"name": "bookshelf_outer",
			"from": [0, 1, 15],
			"to": [1, 15, 16],
			"faces": {
				"north": {"uv": [15, 1, 16, 15], "texture": "#0", "cullface": "west"},
				"east": {"uv": [0, 1, 1, 15], "texture": "#0", "cullface": "south"},
				"south": {"uv": [0, 1, 1, 15], "texture": "#0", "cullface": "south"},
				"west": {"uv": [15, 1, 16, 15], "texture": "#0", "cullface": "west"}
			}
		},
		{
			"name": "bookshelf_outer",
			"from": [15, 1, 15],
			"to": [16, 15, 16],
			"faces": {
				"north": {"uv": [0, 1, 1, 15], "texture": "#0", "cullface": "east"},
				"east": {"uv": [0, 1, 1, 15], "texture": "#0", "cullface": "east"},
				"south": {"uv": [15, 1, 16, 15], "texture": "#0", "cullface": "south"},
				"west": {"uv": [15, 1, 16, 15], "texture": "#0", "cullface": "south"}
			}
		},
		{
			"name": "bookshelf_outer",
			"from": [15, 1, 0],
			"to": [16, 15, 1],
			"faces": {
				"north": {"uv": [0, 1, 1, 15], "texture": "#0", "cullface": "north"},
				"east": {"uv": [15, 1, 16, 15], "texture": "#0", "cullface": "east"},
				"south": {"uv": [15, 1, 16, 15], "texture": "#0", "cullface": "east"},
				"west": {"uv": [0, 1, 1, 15], "texture": "#0", "cullface": "north"}
			}
		},
		{
			"name": "bookshelf_outer",
			"from": [0, 7, 0],
			"to": [16, 9, 16],
			"faces": {
				"north": {"uv": [0, 7, 16, 9], "texture": "#0", "cullface": "north"},
				"east": {"uv": [0, 7, 16, 9], "texture": "#0", "cullface": "east"},
				"south": {"uv": [0, 7, 16, 9], "texture": "#0", "cullface": "south"},
				"west": {"uv": [0, 7, 16, 9], "texture": "#0", "cullface": "west"},
				"up": {"uv": [0, 0, 16, 16], "texture": "#3"},
				"down": {"uv": [0, 0, 16, 16], "texture": "#3"}
			}
		},
		{
			"name": "books",
			"from": [8.25, 8.875, 0.001],
			"to": [9.25, 12.875, 1.001],
			"rotation": {"angle": 22.5, "axis": "z", "origin": [8, 9, 0.5]},
			"faces": {
				"north": {"uv": [11, 11, 12, 15], "texture": "#0", "cullface": "north"},
				"east": {"uv": [11, 11, 12, 15], "texture": "#0", "cullface": "north"},
				"west": {"uv": [11, 11, 12, 15], "texture": "#0", "cullface": "north"},
				"up": {"uv": [11, 11, 12, 12], "texture": "#0", "cullface": "north"},
				"down": {"uv": [11, 14, 12, 15], "texture": "#0", "cullface": "north"}
			}
		},
		{
			"name": "books",
			"from": [4.575, 0.75, 0.001],
			"to": [6.575, 5.75, 1.001],
			"rotation": {"angle": -22.5, "axis": "z", "origin": [7, 1, 0.5]},
			"faces": {
				"north": {"uv": [4, 2, 6, 7], "texture": "#0", "cullface": "north"},
				"east": {"uv": [4, 2, 5, 7], "texture": "#0", "cullface": "north"},
				"west": {"uv": [5, 2, 6, 7], "texture": "#0", "cullface": "north"},
				"up": {"uv": [4, 2, 6, 3], "texture": "#0", "cullface": "north"},
				"down": {"uv": [4, 6, 6, 7], "rotation": 180, "texture": "#0", "cullface": "north"}
			}
		},
		{
			"name": "books",
			"from": [12, 9, 0],
			"to": [15, 13, 2],
			"faces": {
				"north": {"uv": [1, 3, 4, 7], "texture": "#0", "cullface": "north"},
				"up": {"uv": [1, 3, 4, 4], "rotation": 180, "texture": "#0", "cullface": "north"}
			}
		},
		{
			"name": "books",
			"from": [10, 9, 0],
			"to": [12, 14, 1],
			"faces": {
				"north": {"uv": [4, 2, 6, 7], "texture": "#0", "cullface": "north"},
				"east": {"uv": [4, 2, 5, 7], "texture": "#0", "cullface": "north"},
				"west": {"uv": [5, 2, 6, 7], "texture": "#0", "cullface": "north"},
				"up": {"uv": [4, 2, 6, 3], "rotation": 180, "texture": "#0", "cullface": "north"}
			}
		},
		{
			"name": "books",
			"from": [9, 9, 0],
			"to": [10, 12, 1],
			"faces": {
				"north": {"uv": [6, 4, 7, 7], "texture": "#0", "cullface": "north"},
				"west": {"uv": [6, 4, 7, 7], "texture": "#0", "cullface": "north"},
				"up": {"uv": [6, 4, 7, 5], "rotation": 90, "texture": "#0", "cullface": "north"}
			}
		},
		{
			"name": "books",
			"from": [5, 9, 0],
			"to": [7, 14, 1],
			"faces": {
				"north": {"uv": [9, 2, 11, 7], "texture": "#0", "cullface": "north"},
				"east": {"uv": [9, 2, 10, 7], "texture": "#0", "cullface": "north"},
				"west": {"uv": [10, 2, 11, 7], "texture": "#0", "cullface": "north"},
				"up": {"uv": [9, 2, 11, 3], "rotation": 180, "texture": "#0", "cullface": "north"}
			}
		},
		{
			"name": "books",
			"from": [4, 9, 0],
			"to": [5, 13, 1],
			"faces": {
				"north": {"uv": [11, 3, 12, 7], "texture": "#0", "cullface": "north"},
				"up": {"uv": [11, 3, 12, 4], "rotation": 180, "texture": "#0", "cullface": "north"}
			}
		},
		{
			"name": "books",
			"from": [2, 9, 0],
			"to": [4, 15, 1],
			"faces": {
				"north": {"uv": [12, 1, 14, 7], "texture": "#0", "cullface": "north"},
				"east": {"uv": [12, 1, 13, 7], "texture": "#0", "cullface": "north"},
				"west": {"uv": [13, 1, 14, 7], "texture": "#0", "cullface": "north"}
			}
		},
		{
			"name": "books",
			"from": [1, 9, 0],
			"to": [2, 13, 1],
			"faces": {
				"north": {"uv": [14, 3, 15, 7], "texture": "#0", "cullface": "north"},
				"up": {"uv": [14, 3, 15, 4], "rotation": 90, "texture": "#0", "cullface": "north"}
			}
		},
		{
			"name": "books",
			"from": [13, 1, 0],
			"to": [15, 6, 1],
			"faces": {
				"north": {"uv": [1, 10, 3, 15], "texture": "#0", "cullface": "north"},
				"west": {"uv": [2, 10, 3, 15], "texture": "#0", "cullface": "north"},
				"up": {"uv": [1, 10, 3, 11], "rotation": 180, "texture": "#0", "cullface": "north"}
			}
		},
		{
			"name": "books",
			"from": [10, 1, 0],
			"to": [12, 6, 1],
			"faces": {
				"north": {"uv": [4, 10, 6, 15], "texture": "#0", "cullface": "north"},
				"east": {"uv": [4, 10, 5, 15], "texture": "#0", "cullface": "north"},
				"up": {"uv": [4, 10, 6, 11], "rotation": 180, "texture": "#0", "cullface": "north"}
			}
		},
		{
			"name": "books",
			"from": [8, 1, 0],
			"to": [10, 7, 1],
			"faces": {
				"north": {"uv": [6, 9, 8, 15], "texture": "#0", "cullface": "north"},
				"east": {"uv": [6, 9, 7, 15], "texture": "#0", "cullface": "north"},
				"west": {"uv": [7, 9, 8, 15], "texture": "#0", "cullface": "north"}
			}
		},
		{
			"name": "books",
			"from": [3, 1, 0],
			"to": [5, 6, 1],
			"faces": {
				"north": {"uv": [11, 10, 13, 15], "texture": "#0", "cullface": "north"},
				"east": {"uv": [11, 10, 12, 15], "texture": "#0", "cullface": "north"},
				"west": {"uv": [12, 10, 13, 15], "texture": "#0", "cullface": "north"},
				"up": {"uv": [11, 10, 13, 11], "rotation": 180, "texture": "#0", "cullface": "north"}
			}
		},
		{
			"name": "books",
			"from": [1, 1, 0],
			"to": [3, 5, 1],
			"faces": {
				"north": {"uv": [13, 11, 15, 15], "texture": "#0", "cullface": "north"},
				"up": {"uv": [13, 11, 15, 12], "rotation": 180, "texture": "#0", "cullface": "north"}
			}
		},
		{
			"name": "books",
			"from": [12, 1, 0],
			"to": [13, 5, 1],
			"faces": {
				"north": {"uv": [3, 11, 4, 15], "texture": "#0", "cullface": "north"},
				"up": {"uv": [3, 11, 4, 12], "rotation": 90, "texture": "#0", "cullface": "north"}
			}
		},
		{
			"name": "books",
			"from": [0, 9, 1],
			"to": [2, 13, 4],
			"faces": {
				"west": {"uv": [1, 3, 4, 7], "texture": "#0", "cullface": "west"},
				"up": {"uv": [1, 3, 4, 4], "rotation": 90, "texture": "#0", "cullface": "west"}
			}
		},
		{
			"name": "books",
			"from": [0, 9, 4],
			"to": [1, 14, 6],
			"faces": {
				"north": {"uv": [4, 2, 5, 7], "texture": "#0", "cullface": "west"},
				"south": {"uv": [5, 2, 6, 7], "texture": "#0", "cullface": "west"},
				"west": {"uv": [4, 2, 6, 7], "texture": "#0", "cullface": "west"},
				"up": {"uv": [4, 2, 6, 3], "rotation": 90, "texture": "#0", "cullface": "west"}
			}
		},
		{
			"name": "books",
			"from": [0, 9, 6],
			"to": [1, 12, 7],
			"faces": {
				"south": {"uv": [6, 4, 7, 7], "texture": "#0", "cullface": "west"},
				"west": {"uv": [6, 4, 7, 7], "texture": "#0", "cullface": "west"},
				"up": {"uv": [6, 4, 7, 5], "texture": "#0", "cullface": "west"}
			}
		},
		{
			"name": "books",
			"from": [0, 9, 9],
			"to": [1, 14, 11],
			"faces": {
				"north": {"uv": [9, 2, 10, 7], "texture": "#0", "cullface": "west"},
				"south": {"uv": [10, 2, 11, 7], "texture": "#0", "cullface": "west"},
				"west": {"uv": [9, 2, 11, 7], "texture": "#0", "cullface": "west"},
				"up": {"uv": [9, 2, 11, 3], "rotation": 90, "texture": "#0", "cullface": "west"}
			}
		},
		{
			"name": "books",
			"from": [0.001, 8.825, 6.775],
			"to": [1.001, 12.825, 7.775],
			"rotation": {"angle": 22.5, "axis": "x", "origin": [0.5, 9, 8]},
			"faces": {
				"north": {"uv": [11, 11, 12, 15], "texture": "#0", "cullface": "west"},
				"south": {"uv": [11, 11, 12, 15], "texture": "#0", "cullface": "west"},
				"west": {"uv": [11, 11, 12, 15], "texture": "#0", "cullface": "west"},
				"up": {"uv": [11, 11, 12, 12], "texture": "#0", "cullface": "west"},
				"down": {"uv": [11, 14, 12, 15], "texture": "#0", "cullface": "west"}
			}
		},
		{
			"name": "books",
			"from": [0, 9, 11],
			"to": [1, 13, 12],
			"faces": {
				"west": {"uv": [11, 3, 12, 7], "texture": "#0", "cullface": "west"},
				"up": {"uv": [11, 3, 12, 4], "rotation": 90, "texture": "#0", "cullface": "west"}
			}
		},
		{
			"name": "books",
			"from": [0, 9, 12],
			"to": [1, 15, 14],
			"faces": {
				"north": {"uv": [12, 1, 13, 7], "texture": "#0", "cullface": "west"},
				"south": {"uv": [13, 1, 14, 7], "texture": "#0", "cullface": "west"},
				"west": {"uv": [12, 1, 14, 7], "texture": "#0", "cullface": "west"}
			}
		},
		{
			"name": "books",
			"from": [0, 9, 14],
			"to": [1, 13, 15],
			"faces": {
				"west": {"uv": [14, 3, 15, 7], "texture": "#0", "cullface": "west"},
				"up": {"uv": [14, 3, 15, 4], "texture": "#0", "cullface": "west"}
			}
		},
		{
			"name": "books",
			"from": [0, 1, 1],
			"to": [1, 6, 3],
			"faces": {
				"south": {"uv": [2, 10, 3, 15], "texture": "#0", "cullface": "west"},
				"west": {"uv": [1, 10, 3, 15], "texture": "#0", "cullface": "west"},
				"up": {"uv": [1, 10, 3, 11], "rotation": 90, "texture": "#0", "cullface": "west"}
			}
		},
		{
			"name": "books",
			"from": [0, 1, 4],
			"to": [1, 6, 6],
			"faces": {
				"north": {"uv": [4, 10, 5, 15], "texture": "#0", "cullface": "west"},
				"west": {"uv": [4, 10, 6, 15], "texture": "#0", "cullface": "west"},
				"up": {"uv": [4, 10, 6, 11], "rotation": 90, "texture": "#0", "cullface": "west"}
			}
		},
		{
			"name": "books",
			"from": [0, 1, 6],
			"to": [1, 7, 8],
			"faces": {
				"north": {"uv": [6, 9, 7, 15], "texture": "#0", "cullface": "west"},
				"south": {"uv": [7, 9, 8, 15], "texture": "#0", "cullface": "west"},
				"west": {"uv": [6, 9, 8, 15], "texture": "#0", "cullface": "west"}
			}
		},
		{
			"name": "books",
			"from": [0, 1, 11],
			"to": [1, 6, 13],
			"faces": {
				"north": {"uv": [11, 10, 12, 15], "texture": "#0", "cullface": "west"},
				"south": {"uv": [12, 10, 13, 15], "texture": "#0", "cullface": "west"},
				"west": {"uv": [11, 10, 13, 15], "texture": "#0", "cullface": "west"},
				"up": {"uv": [11, 10, 13, 11], "rotation": 90, "texture": "#0", "cullface": "west"}
			}
		},
		{
			"name": "books",
			"from": [0.001, 0.7, 9.45],
			"to": [1.001, 5.7, 11.45],
			"rotation": {"angle": -22.5, "axis": "x", "origin": [0.5, 1, 9]},
			"faces": {
				"north": {"uv": [4, 2, 5, 7], "texture": "#0", "cullface": "west"},
				"south": {"uv": [5, 2, 6, 7], "texture": "#0", "cullface": "west"},
				"west": {"uv": [4, 2, 6, 7], "texture": "#0", "cullface": "west"},
				"up": {"uv": [4, 2, 6, 3], "rotation": 90, "texture": "#0", "cullface": "west"},
				"down": {"uv": [4, 6, 6, 7], "rotation": 270, "texture": "#0", "cullface": "west"}
			}
		},
		{
			"name": "books",
			"from": [0, 1, 13],
			"to": [1, 5, 15],
			"faces": {
				"west": {"uv": [13, 11, 15, 15], "texture": "#0", "cullface": "west"},
				"up": {"uv": [13, 11, 15, 12], "rotation": 90, "texture": "#0", "cullface": "west"}
			}
		},
		{
			"name": "books",
			"from": [0, 1, 3],
			"to": [1, 5, 4],
			"faces": {
				"west": {"uv": [3, 11, 4, 15], "texture": "#0", "cullface": "west"},
				"up": {"uv": [3, 11, 4, 12], "texture": "#0", "cullface": "west"}
			}
		},
		{
			"name": "books",
			"from": [9.3, -0.05, 14.999],
			"to": [11.3, 4.95, 15.999],
			"rotation": {"angle": 22.5, "axis": "z", "origin": [7, 1, 15.5]},
			"faces": {
				"east": {"uv": [5, 3, 6, 7], "texture": "#0", "cullface": "south"},
				"south": {"uv": [4, 3, 6, 7], "texture": "#0", "cullface": "south"},
				"west": {"uv": [4, 3, 5, 7], "texture": "#0", "cullface": "south"},
				"up": {"uv": [4, 3, 6, 4], "texture": "#0", "cullface": "south"},
				"down": {"uv": [4, 6, 6, 7], "texture": "#0", "cullface": "south"}
			}
		},
		{
			"name": "books",
			"from": [6.75, 8.825, 14.999],
			"to": [7.75, 12.825, 15.999],
			"rotation": {"angle": -22.5, "axis": "z", "origin": [8, 9, 15.5]},
			"faces": {
				"east": {"uv": [11, 11, 12, 15], "texture": "#0", "cullface": "south"},
				"south": {"uv": [11, 11, 12, 15], "texture": "#0", "cullface": "south"},
				"west": {"uv": [11, 11, 12, 15], "texture": "#0", "cullface": "south"},
				"up": {"uv": [11, 11, 12, 12], "texture": "#0", "cullface": "south"},
				"down": {"uv": [11, 14, 12, 15], "texture": "#0", "cullface": "south"}
			}
		},
		{
			"name": "books",
			"from": [1, 9, 14],
			"to": [4, 13, 16],
			"faces": {
				"south": {"uv": [1, 3, 4, 7], "texture": "#0", "cullface": "south"},
				"up": {"uv": [1, 3, 4, 4], "texture": "#0", "cullface": "south"}
			}
		},
		{
			"name": "books",
			"from": [4, 9, 15],
			"to": [6, 14, 16],
			"faces": {
				"east": {"uv": [5, 2, 6, 7], "texture": "#0", "cullface": "south"},
				"south": {"uv": [4, 2, 6, 7], "texture": "#0", "cullface": "south"},
				"west": {"uv": [4, 2, 5, 7], "texture": "#0", "cullface": "south"},
				"up": {"uv": [4, 2, 6, 3], "texture": "#0", "cullface": "south"}
			}
		},
		{
			"name": "books",
			"from": [6, 9, 15],
			"to": [7, 12, 16],
			"faces": {
				"east": {"uv": [6, 4, 7, 7], "texture": "#0", "cullface": "south"},
				"south": {"uv": [6, 4, 7, 7], "texture": "#0", "cullface": "south"},
				"up": {"uv": [6, 4, 7, 5], "rotation": 270, "texture": "#0", "cullface": "south"}
			}
		},
		{
			"name": "books",
			"from": [9, 9, 15],
			"to": [11, 14, 16],
			"faces": {
				"east": {"uv": [10, 2, 11, 7], "texture": "#0", "cullface": "south"},
				"south": {"uv": [9, 2, 11, 7], "texture": "#0", "cullface": "south"},
				"west": {"uv": [9, 2, 10, 7], "texture": "#0", "cullface": "south"},
				"up": {"uv": [9, 2, 11, 3], "texture": "#0", "cullface": "south"}
			}
		},
		{
			"name": "books",
			"from": [11, 9, 15],
			"to": [12, 13, 16],
			"faces": {
				"south": {"uv": [11, 3, 12, 7], "texture": "#0", "cullface": "south"},
				"up": {"uv": [11, 3, 12, 4], "texture": "#0", "cullface": "south"}
			}
		},
		{
			"name": "books",
			"from": [12, 9, 15],
			"to": [14, 15, 16],
			"faces": {
				"east": {"uv": [13, 1, 14, 7], "texture": "#0", "cullface": "south"},
				"south": {"uv": [12, 1, 14, 7], "texture": "#0", "cullface": "south"},
				"west": {"uv": [12, 1, 13, 7], "texture": "#0", "cullface": "south"}
			}
		},
		{
			"name": "books",
			"from": [14, 9, 15],
			"to": [15, 13, 16],
			"faces": {
				"south": {"uv": [14, 3, 15, 7], "texture": "#0", "cullface": "south"},
				"up": {"uv": [14, 3, 15, 4], "rotation": 270, "texture": "#0", "cullface": "south"}
			}
		},
		{
			"name": "books",
			"from": [1, 1, 15],
			"to": [3, 6, 16],
			"faces": {
				"east": {"uv": [2, 10, 3, 15], "texture": "#0", "cullface": "south"},
				"south": {"uv": [1, 10, 3, 15], "texture": "#0", "cullface": "south"},
				"up": {"uv": [1, 10, 3, 11], "texture": "#0", "cullface": "south"}
			}
		},
		{
			"name": "books",
			"from": [4, 1, 15],
			"to": [6, 6, 16],
			"faces": {
				"south": {"uv": [4, 10, 6, 15], "texture": "#0", "cullface": "south"},
				"west": {"uv": [4, 10, 5, 15], "texture": "#0", "cullface": "south"},
				"up": {"uv": [4, 10, 6, 11], "texture": "#0", "cullface": "south"}
			}
		},
		{
			"name": "books",
			"from": [6, 1, 15],
			"to": [8, 7, 16],
			"faces": {
				"east": {"uv": [7, 9, 8, 15], "texture": "#0", "cullface": "south"},
				"south": {"uv": [6, 9, 8, 15], "texture": "#0", "cullface": "south"},
				"west": {"uv": [6, 9, 7, 15], "texture": "#0", "cullface": "south"}
			}
		},
		{
			"name": "books",
			"from": [11, 1, 15],
			"to": [13, 6, 16],
			"faces": {
				"east": {"uv": [12, 10, 13, 15], "texture": "#0", "cullface": "south"},
				"south": {"uv": [11, 10, 13, 15], "texture": "#0", "cullface": "south"},
				"west": {"uv": [11, 10, 12, 15], "texture": "#0", "cullface": "south"},
				"up": {"uv": [11, 10, 13, 11], "texture": "#0", "cullface": "south"}
			}
		},
		{
			"name": "books",
			"from": [13, 1, 15],
			"to": [15, 5, 16],
			"faces": {
				"south": {"uv": [13, 11, 15, 15], "texture": "#0", "cullface": "south"},
				"up": {"uv": [13, 11, 15, 12], "texture": "#0", "cullface": "south"}
			}
		},
		{
			"name": "books",
			"from": [3, 1, 15],
			"to": [4, 5, 16],
			"faces": {
				"south": {"uv": [3, 11, 4, 15], "texture": "#0", "cullface": "south"},
				"up": {"uv": [3, 11, 4, 12], "rotation": 270, "texture": "#0", "cullface": "south"}
			}
		},
		{
			"name": "books",
			"from": [14, 9, 12],
			"to": [16, 13, 15],
			"faces": {
				"east": {"uv": [1, 3, 4, 7], "texture": "#0", "cullface": "east"},
				"up": {"uv": [1, 3, 4, 4], "rotation": 270, "texture": "#0", "cullface": "east"}
			}
		},
		{
			"name": "books",
			"from": [15, 9, 10],
			"to": [16, 14, 12],
			"faces": {
				"north": {"uv": [5, 2, 6, 7], "texture": "#0", "cullface": "east"},
				"east": {"uv": [4, 2, 6, 7], "texture": "#0", "cullface": "east"},
				"south": {"uv": [4, 2, 5, 7], "texture": "#0", "cullface": "east"},
				"up": {"uv": [4, 2, 6, 3], "rotation": 270, "texture": "#0", "cullface": "east"}
			}
		},
		{
			"name": "books",
			"from": [15, 9, 9],
			"to": [16, 12, 10],
			"faces": {
				"north": {"uv": [6, 4, 7, 7], "texture": "#0", "cullface": "east"},
				"east": {"uv": [6, 4, 7, 7], "texture": "#0", "cullface": "east"},
				"up": {"uv": [6, 4, 7, 5], "rotation": 180, "texture": "#0", "cullface": "east"}
			}
		},
		{
			"name": "books",
			"from": [14.999, 8.8, 8.275],
			"to": [15.999, 12.8, 9.275],
			"rotation": {"angle": -22.5, "axis": "x", "origin": [15.5, 9, 8]},
			"faces": {
				"north": {"uv": [11, 11, 12, 15], "texture": "#0", "cullface": "east"},
				"east": {"uv": [11, 11, 12, 15], "texture": "#0", "cullface": "east"},
				"south": {"uv": [11, 11, 12, 15], "texture": "#0", "cullface": "east"},
				"up": {"uv": [11, 11, 12, 12], "texture": "#0", "cullface": "east"},
				"down": {"uv": [11, 14, 12, 15], "texture": "#0", "cullface": "east"}
			}
		},
		{
			"name": "books",
			"from": [15, 9, 5],
			"to": [16, 14, 7],
			"faces": {
				"north": {"uv": [10, 2, 11, 7], "texture": "#0", "cullface": "east"},
				"east": {"uv": [9, 2, 11, 7], "texture": "#0", "cullface": "east"},
				"south": {"uv": [9, 2, 10, 7], "texture": "#0", "cullface": "east"},
				"up": {"uv": [9, 2, 11, 3], "rotation": 270, "texture": "#0", "cullface": "east"}
			}
		},
		{
			"name": "books",
			"from": [15, 9, 4],
			"to": [16, 13, 5],
			"faces": {
				"east": {"uv": [11, 3, 12, 7], "texture": "#0", "cullface": "east"},
				"up": {"uv": [11, 3, 12, 4], "rotation": 270, "texture": "#0", "cullface": "east"}
			}
		},
		{
			"name": "books",
			"from": [15, 9, 2],
			"to": [16, 15, 4],
			"faces": {
				"north": {"uv": [13, 1, 14, 7], "texture": "#0", "cullface": "east"},
				"east": {"uv": [12, 1, 14, 7], "texture": "#0", "cullface": "east"},
				"south": {"uv": [12, 1, 13, 7], "texture": "#0", "cullface": "east"}
			}
		},
		{
			"name": "books",
			"from": [15, 9, 1],
			"to": [16, 13, 2],
			"faces": {
				"east": {"uv": [14, 3, 15, 7], "texture": "#0", "cullface": "east"},
				"up": {"uv": [14, 3, 15, 4], "rotation": 180, "texture": "#0", "cullface": "east"}
			}
		},
		{
			"name": "books",
			"from": [15, 1, 13],
			"to": [16, 6, 15],
			"faces": {
				"north": {"uv": [2, 10, 3, 15], "texture": "#0", "cullface": "east"},
				"east": {"uv": [1, 10, 3, 15], "texture": "#0", "cullface": "east"},
				"up": {"uv": [1, 10, 3, 11], "rotation": 270, "texture": "#0", "cullface": "east"}
			}
		},
		{
			"name": "books",
			"from": [15, 1, 10],
			"to": [16, 6, 12],
			"faces": {
				"east": {"uv": [4, 10, 6, 15], "texture": "#0", "cullface": "east"},
				"south": {"uv": [4, 10, 5, 15], "texture": "#0", "cullface": "east"},
				"up": {"uv": [4, 10, 6, 11], "rotation": 270, "texture": "#0", "cullface": "east"}
			}
		},
		{
			"name": "books",
			"from": [15, 1, 8],
			"to": [16, 7, 10],
			"faces": {
				"north": {"uv": [7, 9, 8, 15], "texture": "#0", "cullface": "east"},
				"east": {"uv": [6, 9, 8, 15], "texture": "#0", "cullface": "east"},
				"south": {"uv": [6, 9, 7, 15], "texture": "#0", "cullface": "east"}
			}
		},
		{
			"name": "books",
			"from": [15, 1, 3],
			"to": [16, 6, 5],
			"faces": {
				"north": {"uv": [12, 10, 13, 15], "texture": "#0", "cullface": "east"},
				"east": {"uv": [11, 10, 13, 15], "texture": "#0", "cullface": "east"},
				"south": {"uv": [11, 10, 12, 15], "texture": "#0", "cullface": "east"},
				"up": {"uv": [11, 10, 13, 11], "rotation": 270, "texture": "#0", "cullface": "east"}
			}
		},
		{
			"name": "books",
			"from": [14.999, 0.65, 4.575],
			"to": [15.999, 5.65, 6.575],
			"rotation": {"angle": 22.5, "axis": "x", "origin": [15.5, 1, 7]},
			"faces": {
				"north": {"uv": [5, 2, 6, 7], "texture": "#0", "cullface": "east"},
				"east": {"uv": [4, 2, 6, 7], "texture": "#0"},
				"south": {"uv": [4, 2, 5, 7], "texture": "#0", "cullface": "east"},
				"up": {"uv": [4, 2, 6, 3], "rotation": 270, "texture": "#0", "cullface": "east"},
				"down": {"uv": [4, 6, 6, 7], "rotation": 90, "texture": "#0", "cullface": "east"}
			}
		},
		{
			"name": "books",
			"from": [15, 1, 1],
			"to": [16, 5, 3],
			"faces": {
				"east": {"uv": [13, 11, 15, 15], "texture": "#0", "cullface": "east"},
				"up": {"uv": [13, 11, 15, 12], "rotation": 270, "texture": "#0", "cullface": "east"}
			}
		},
		{
			"name": "books",
			"from": [15, 1, 12],
			"to": [16, 5, 13],
			"faces": {
				"east": {"uv": [3, 11, 4, 15], "texture": "#0", "cullface": "east"},
				"up": {"uv": [3, 11, 4, 12], "rotation": 180, "texture": "#0", "cullface": "east"}
			}
		}
	],
	"display": {
		"thirdperson_righthand": {
			"rotation": [75, 45, 0],
			"translation": [0, 2.5, 0],
			"scale": [0.375, 0.375, 0.375]
		},
		"thirdperson_lefthand": {
			"rotation": [75, 45, 0],
			"translation": [0, 2.5, 0],
			"scale": [0.375, 0.375, 0.375]
		},
		"firstperson_righthand": {
			"rotation": [0, 45, 0],
			"scale": [0.4, 0.4, 0.4]
		},
		"firstperson_lefthand": {
			"rotation": [0, 225, 0],
			"scale": [0.4, 0.4, 0.4]
		},
		"ground": {
			"translation": [0, 3, 0],
			"scale": [0.25, 0.25, 0.25]
		},
		"gui": {
			"rotation": [30, 225, 0],
			"scale": [0.625, 0.625, 0.625]
		},
		"fixed": {
			"scale": [0.5, 0.5, 0.5]
		}
	},
	"groups": [
		{
			"name": "bookshelf",
			"origin": [0, 0, 0],
			"children": [0, 1, 2, 3, 4, 5, 6, 7]
		},
		{
			"name": "books",
			"origin": [0, 0, 0],
			"children": [
				{
					"name": "north",
					"origin": [0, 0, 0],
					"children": [8, 9, 10, 11, 12, 13, 14, 15, 16, 17, 18, 19, 20, 21, 22]
				},
				{
					"name": "east",
					"origin": [0, 0, 0],
					"children": [23, 24, 25, 26, 27, 28, 29, 30, 31, 32, 33, 34, 35, 36, 37]
				},
				{
					"name": "south",
					"origin": [0, 0, 0],
					"children": [38, 39, 40, 41, 42, 43, 44, 45, 46, 47, 48, 49, 50, 51, 52]
				},
				{
					"name": "west",
					"origin": [0, 0, 0],
					"children": [53, 54, 55, 56, 57, 58, 59, 60, 61, 62, 63, 64, 65, 66, 67]
				}
			]
		}
	]
}