{
	"credit": "Created by Stridey",
	"parent": "block/block",
	"textures": {
		"particle": "block/chain",
		"all": "block/chain"
	},
	"elements": [
		{
			"name": "chain",
			"from": [6.5, 14, 7.5],
			"to": [9.5, 16, 8.5],
			"rotation": {"angle": -45, "axis": "y", "origin": [8, 8, 8]},
			"faces": {
				"north": {"uv": [3, 0, 6, 2], "texture": "#all"},
				"east": {"uv": [3, 0, 4, 2], "texture": "#all"},
				"south": {"uv": [3, 0, 6, 2], "texture": "#all"},
				"west": {"uv": [5, 0, 6, 2], "texture": "#all"},
				"up": {"uv": [3, 0, 6, 1], "rotation": 180, "texture": "#all", "cullface": "up"},
				"down": {"uv": [3, 1, 6, 2], "rotation": 180, "texture": "#all", "cullface": "down"}
			}
		},
		{
			"name": "chain",
			"from": [6.5, 0, 7.5],
			"to": [9.5, 2, 8.5],
			"rotation": {"angle": -45, "axis": "y", "origin": [8, 8, 8]},
			"faces": {
				"north": {"uv": [3, 14, 6, 16], "texture": "#all"},
				"east": {"uv": [3, 14, 4, 16], "texture": "#all"},
				"south": {"uv": [3, 14, 6, 16], "texture": "#all"},
				"west": {"uv": [5, 14, 6, 16], "texture": "#all"},
				"up": {"uv": [3, 14, 6, 15], "rotation": 180, "texture": "#all"},
				"down": {"uv": [3, 15, 6, 16], "rotation": 180, "texture": "#all", "cullface": "down"}
			}
		},
		{
			"name": "chain",
			"from": [6.5, 3, 7.5],
			"to": [9.5, 7, 8.5],
			"rotation": {"angle": -45, "axis": "y", "origin": [8, 8, 8]},
			"faces": {
				"north": {"uv": [3, 9, 6, 13], "texture": "#all"},
				"east": {"uv": [3, 9, 4, 13], "texture": "#all"},
				"south": {"uv": [3, 9, 6, 13], "texture": "#all"},
				"west": {"uv": [5, 9, 6, 13], "texture": "#all"},
				"up": {"uv": [3, 9, 6, 10], "rotation": 180, "texture": "#all"},
				"down": {"uv": [3, 12, 6, 13], "rotation": 180, "texture": "#all"}
			}
		},
		{
			"name": "chain",
			"from": [6.5, 9, 7.5],
			"to": [9.5, 13, 8.5],
			"rotation": {"angle": -45, "axis": "y", "origin": [8, 8, 8]},
			"faces": {
				"north": {"uv": [3, 3, 6, 7], "texture": "#all"},
				"east": {"uv": [3, 3, 4, 7], "texture": "#all"},
				"south": {"uv": [3, 3, 6, 7], "texture": "#all"},
				"west": {"uv": [5, 3, 6, 7], "texture": "#all"},
				"up": {"uv": [3, 3, 6, 4], "rotation": 180, "texture": "#all"},
				"down": {"uv": [3, 6, 6, 7], "rotation": 180, "texture": "#all"}
			}
		},
		{
			"name": "chain",
			"from": [7.5, 1, 6.5],
			"to": [8.5, 4, 9.5],
			"rotation": {"angle": -45, "axis": "y", "origin": [8, 8, 8]},
			"faces": {
				"north": {"uv": [2, 12, 3, 15], "texture": "#all"},
				"east": {"uv": [0, 12, 3, 15], "texture": "#all"},
				"south": {"uv": [0, 12, 1, 15], "texture": "#all"},
				"west": {"uv": [0, 12, 3, 15], "texture": "#all"},
				"up": {"uv": [0, 12, 3, 13], "rotation": 90, "texture": "#all"},
				"down": {"uv": [0, 12, 3, 13], "rotation": 90, "texture": "#all"}
			}
		},
		{
			"name": "chain",
			"from": [7.5, 6, 6.5],
			"to": [8.5, 10, 9.5],
			"rotation": {"angle": -45, "axis": "y", "origin": [8, 8, 8]},
			"faces": {
				"north": {"uv": [2, 6, 3, 10], "texture": "#all"},
				"east": {"uv": [0, 6, 3, 10], "texture": "#all"},
				"south": {"uv": [0, 6, 1, 10], "texture": "#all"},
				"west": {"uv": [0, 6, 3, 10], "texture": "#all"},
				"up": {"uv": [0, 12, 3, 13], "rotation": 90, "texture": "#all"},
				"down": {"uv": [0, 12, 3, 13], "rotation": 90, "texture": "#all"}
			}
		},
		{
			"name": "chain",
			"from": [7.5, 12, 6.5],
			"to": [8.5, 15, 9.5],
			"rotation": {"angle": -45, "axis": "y", "origin": [8, 8, 8]},
			"faces": {
				"north": {"uv": [2, 1, 3, 4], "texture": "#all"},
				"east": {"uv": [0, 1, 3, 4], "texture": "#all"},
				"south": {"uv": [0, 1, 1, 4], "texture": "#all"},
				"west": {"uv": [0, 1, 3, 4], "texture": "#all"},
				"up": {"uv": [0, 12, 3, 13], "rotation": 90, "texture": "#all"},
				"down": {"uv": [0, 12, 3, 13], "rotation": 90, "texture": "#all"}
			}
		},
		{
			"name": "inverted",
			"from": [8.5, 0, 7.5],
			"to": [7.5, 16, 8.5],
			"rotation": {"angle": -45, "axis": "y", "origin": [8, 8, 8]},
			"faces": {
				"north": {"uv": [2, 0, 3, 16], "texture": "#all"},
				"east": {"uv": [3, 0, 4, 16], "texture": "#all"},
				"south": {"uv": [2, 0, 3, 16], "texture": "#all"},
				"west": {"uv": [3, 0, 4, 16], "texture": "#all"}
			}
		}
	],
	"groups": [
		{
			"name": "3Dchains",
			"origin": [0, 0, 0],
			"children": [0, 1, 2, 3, 4, 5, 6, 7]
		}
	]
}