{
	"credit": "Created by Stridey",
	"ambientocclusion": false,
	"textures": {
		"0": "block/oak_door_bottom",
		"particle": "block/oak_door_bottom"
	},
	"elements": [
		{
			"name": "Box2",
			"from": [0, 0, 0],
			"to": [3, 16, 3],
			"faces": {
				"north": {"uv": [16, 0, 15, 16], "texture": "#0"},
				"east": {"uv": [13, 0, 16, 16], "texture": "#0"},
				"south": {"uv": [12, 0, 9, 16], "texture": "#0"},
				"west": {"uv": [16, 0, 13, 16], "texture": "#0", "cullface": "west"},
				"down": {"uv": [15, 16, 16, 15], "texture": "#0", "cullface": "down"}
			}
		},
		{
			"name": "Box2",
			"from": [1, 0, 3],
			"to": [2, 16, 13],
			"faces": {
				"east": {"uv": [3, 0, 13, 16], "texture": "#0"},
				"west": {"uv": [13, 0, 3, 16], "texture": "#0"}
			}
		},
		{
			"name": "Box2",
			"from": [0, 12, 3],
			"to": [3, 14, 13],
			"faces": {
				"east": {"uv": [3, 2, 13, 4], "texture": "#0"},
				"west": {"uv": [13, 2, 3, 4], "texture": "#0", "cullface": "west"},
				"up": {"uv": [13, 2, 3, 4], "rotation": 90, "texture": "#0"},
				"down": {"uv": [13, 2, 3, 4], "rotation": 90, "texture": "#0"}
			}
		},
		{
			"name": "Box2",
			"from": [0, 0, 7],
			"to": [3, 16, 9],
			"faces": {
				"north": {"uv": [9, 0, 7, 16], "texture": "#0"},
				"east": {"uv": [7, 0, 9, 16], "texture": "#0"},
				"south": {"uv": [9, 0, 7, 16], "texture": "#0"},
				"west": {"uv": [9, 0, 7, 16], "texture": "#0", "cullface": "west"}
			}
		},
		{
			"name": "Box2",
			"from": [0, 0, 3],
			"to": [3, 2, 13],
			"faces": {
				"east": {"uv": [3, 14, 13, 16], "texture": "#0"},
				"west": {"uv": [13, 14, 3, 16], "texture": "#0", "cullface": "west"},
				"up": {"uv": [3, 14, 13, 13], "texture": "#0"},
				"down": {"uv": [3, 16, 13, 15], "texture": "#0", "cullface": "down"}
			}
		},
		{
			"name": "Box2",
			"from": [0, 0, 13],
			"to": [3, 16, 16],
			"faces": {
				"north": {"uv": [12, 0, 9, 16], "texture": "#0"},
				"east": {"uv": [0, 0, 3, 16], "texture": "#0"},
				"south": {"uv": [0, 0, 1, 16], "texture": "#0"},
				"west": {"uv": [3, 0, 0, 16], "texture": "#0", "cullface": "west"},
				"down": {"uv": [0, 16, 3, 15], "rotation": 90, "texture": "#0", "cullface": "down"}
			}
		},
		{
			"name": "Box2",
			"from": [0, 6, 3],
			"to": [3, 8, 13],
			"faces": {
				"east": {"uv": [3, 8, 13, 10], "texture": "#0"},
				"west": {"uv": [13, 8, 3, 10], "texture": "#0", "cullface": "west"},
				"up": {"uv": [13, 8, 3, 10], "rotation": 270, "texture": "#0"},
				"down": {"uv": [13, 8, 3, 10], "rotation": 90, "texture": "#0"}
			}
		}
	]
}