{
	"credit": "Created by Stridey",
	"textures": {
		"particle": "block/oak_trapdoor",
		"texture": "block/oak_trapdoor"
	},
	"elements": [
		{
			"from": [0, 0, 13],
			"to": [16, 3, 16],
			"rotation": {"angle": 0, "axis": "x", "origin": [8, 16, 13]},
			"faces": {
				"north": {"uv": [0, 13, 16, 16], "texture": "#texture"},
				"east": {"uv": [0, 16, 3, 13], "rotation": 180, "texture": "#texture", "cullface": "east"},
				"south": {"uv": [0, 13, 16, 16], "texture": "#texture", "cullface": "south"},
				"west": {"uv": [13, 16, 16, 13], "rotation": 180, "texture": "#texture", "cullface": "west"},
				"up": {"uv": [0, 16, 16, 13], "texture": "#texture"},
				"down": {"uv": [0, 16, 16, 13], "rotation": 180, "texture": "#texture", "cullface": "down"}
			}
		},
		{
			"from": [0, 13, 13],
			"to": [16, 16, 16],
			"rotation": {"angle": 0, "axis": "x", "origin": [8, 16, 13]},
			"faces": {
				"north": {"uv": [0, 0, 16, 3], "texture": "#texture"},
				"east": {"uv": [0, 3, 3, 0], "rotation": 180, "texture": "#texture", "cullface": "east"},
				"south": {"uv": [0, 0, 16, 3], "texture": "#texture", "cullface": "south"},
				"west": {"uv": [13, 3, 16, 0], "rotation": 180, "texture": "#texture", "cullface": "west"},
				"up": {"uv": [0, 3, 16, 0], "rotation": 180, "texture": "#texture", "cullface": "up"},
				"down": {"uv": [0, 16, 16, 13], "rotation": 180, "texture": "#texture"}
			}
		},
		{
			"from": [0, 3, 13],
			"to": [3, 13, 16],
			"rotation": {"angle": 0, "axis": "x", "origin": [8, 16, 13]},
			"faces": {
				"north": {"uv": [13, 3, 16, 13], "texture": "#texture"},
				"east": {"uv": [3, 16, 13, 13], "rotation": 90, "texture": "#texture"},
				"south": {"uv": [0, 3, 3, 13], "texture": "#texture", "cullface": "south"},
				"west": {"uv": [13, 13, 16, 3], "rotation": 180, "texture": "#texture", "cullface": "west"}
			}
		},
		{
			"from": [13, 3, 13],
			"to": [16, 13, 16],
			"rotation": {"angle": 0, "axis": "x", "origin": [8, 16, 13]},
			"faces": {
				"north": {"uv": [0, 3, 3, 13], "texture": "#texture"},
				"east": {"uv": [0, 13, 3, 3], "rotation": 180, "texture": "#texture", "cullface": "east"},
				"south": {"uv": [13, 3, 16, 13], "texture": "#texture", "cullface": "south"},
				"west": {"uv": [3, 16, 13, 13], "rotation": 270, "texture": "#texture"}
			}
		},
		{
			"from": [3, 6, 13],
			"to": [13, 10, 16],
			"rotation": {"angle": 0, "axis": "x", "origin": [8, 16, 13]},
			"faces": {
				"north": {"uv": [3, 6, 13, 10], "texture": "#texture"},
				"south": {"uv": [3, 6, 13, 10], "texture": "#texture", "cullface": "south"},
				"up": {"uv": [3, 16, 13, 13], "texture": "#texture"},
				"down": {"uv": [3, 16, 13, 13], "rotation": 180, "texture": "#texture"}
			}
		},
		{
			"from": [6, 3, 13],
			"to": [10, 13, 16],
			"rotation": {"angle": 0, "axis": "x", "origin": [8, 16, 13]},
			"faces": {
				"north": {"uv": [6, 3, 10, 13], "texture": "#texture"},
				"east": {"uv": [3, 16, 13, 13], "rotation": 90, "texture": "#texture"},
				"south": {"uv": [6, 3, 10, 13], "texture": "#texture", "cullface": "south"},
				"west": {"uv": [3, 16, 13, 13], "rotation": 270, "texture": "#texture"}
			}
		}
	]
}