{
	"credit": "Created by Stridey",
	"textures": {
		"1": "block/pointed_dripstone_light",
		"particle": "block/pointed_dripstone_up_tip",
		"cross": "block/pointed_dripstone_up_tip"
	},
	"elements": [
		{
			"from": [6, 0, 6],
			"to": [10, 5, 10],
			"faces": {
				"north": {"uv": [6, 11, 10, 16], "texture": "#cross"},
				"east": {"uv": [6, 11, 10, 16], "texture": "#cross"},
				"south": {"uv": [6, 11, 10, 16], "texture": "#cross"},
				"west": {"uv": [6, 11, 10, 16], "texture": "#cross"},
				"up": {"uv": [5, 7, 9, 11], "texture": "#1"}
			}
		},
		{
			"from": [7, 5, 7],
			"to": [9, 11, 9],
			"faces": {
				"north": {"uv": [7, 10, 9, 16], "texture": "#cross"},
				"east": {"uv": [7, 10, 9, 16], "texture": "#cross"},
				"south": {"uv": [7, 10, 9, 16], "texture": "#cross"},
				"west": {"uv": [7, 10, 9, 16], "texture": "#cross"},
				"up": {"uv": [7, 9, 9, 11], "texture": "#cross"}
			}
		}
	]
}