{
	"credit": "Created by Stridey",
	"parent": "block/door_bottom",
	"ambientocclusion": false,
	"textures": {
		"particle": "block/spruce_door_bottom",
		"bottom": "block/spruce_door_bottom"
	},
	"elements": [
		{
			"from": [0, 0, 0],
			"to": [3, 16, 3],
			"faces": {
				"north": {"uv": [1, 0, 0, 16], "texture": "#bottom"},
				"east": {"uv": [3, 0, 0, 16], "texture": "#bottom"},
				"south": {"uv": [2, 0, 3, 16], "texture": "#bottom"},
				"west": {"uv": [0, 0, 3, 16], "texture": "#bottom"},
				"down": {"uv": [0, 15, 3, 16], "rotation": 270, "texture": "#bottom"}
			}
		},
		{
			"from": [0, 0, 4],
			"to": [3, 16, 6],
			"faces": {
				"north": {"uv": [5, 0, 4, 16], "texture": "#bottom"},
				"east": {"uv": [6, 0, 4, 16], "texture": "#bottom"},
				"south": {"uv": [5, 0, 6, 16], "texture": "#bottom"},
				"west": {"uv": [4, 0, 6, 16], "texture": "#bottom"},
				"down": {"uv": [4, 15, 6, 16], "texture": "#bottom"}
			}
		},
		{
			"from": [0, 0, 7],
			"to": [3, 16, 9],
			"faces": {
				"north": {"uv": [8, 0, 7, 16], "texture": "#bottom"},
				"east": {"uv": [9, 0, 7, 16], "texture": "#bottom"},
				"south": {"uv": [8, 0, 9, 16], "texture": "#bottom"},
				"west": {"uv": [7, 0, 9, 16], "texture": "#bottom"},
				"down": {"uv": [7, 15, 9, 16], "texture": "#bottom"}
			}
		},
		{
			"from": [0, 0, 10],
			"to": [3, 16, 12],
			"faces": {
				"north": {"uv": [11, 0, 10, 16], "texture": "#bottom"},
				"east": {"uv": [12, 0, 10, 16], "texture": "#bottom"},
				"south": {"uv": [11, 0, 12, 16], "texture": "#bottom"},
				"west": {"uv": [10, 0, 12, 16], "texture": "#bottom"},
				"down": {"uv": [10, 15, 12, 16], "texture": "#bottom"}
			}
		},
		{
			"from": [0, 0, 13],
			"to": [3, 16, 16],
			"faces": {
				"north": {"uv": [14, 0, 13, 16], "texture": "#bottom"},
				"east": {"uv": [16, 0, 13, 16], "texture": "#bottom"},
				"south": {"uv": [15, 0, 16, 16], "texture": "#bottom"},
				"west": {"uv": [13, 0, 16, 16], "texture": "#bottom"},
				"down": {"uv": [13, 15, 16, 16], "rotation": 270, "texture": "#bottom"}
			}
		},
		{
			"name": "Box2",
			"from": [-0.5, 13, 10],
			"to": [3.5, 15, 11],
			"faces": {
				"north": {"uv": [10, 1, 11, 3], "texture": "#bottom"},
				"east": {"uv": [10, 1, 11, 3], "texture": "#bottom"},
				"south": {"uv": [10, 1, 11, 3], "texture": "#bottom"},
				"west": {"uv": [10, 1, 11, 3], "texture": "#bottom"},
				"up": {"uv": [10, 1, 11, 2], "texture": "#bottom"},
				"down": {"uv": [10, 2, 11, 3], "texture": "#bottom"}
			}
		},
		{
			"name": "Box2",
			"from": [-0.5, 12, 11],
			"to": [3.5, 13, 13],
			"faces": {
				"north": {"uv": [12, 3, 13, 4], "texture": "#bottom"},
				"east": {"uv": [11, 3, 13, 4], "texture": "#bottom"},
				"south": {"uv": [12, 3, 13, 4], "texture": "#bottom"},
				"west": {"uv": [11, 3, 13, 4], "texture": "#bottom"},
				"up": {"uv": [11, 3, 13, 4], "rotation": 270, "texture": "#bottom"},
				"down": {"uv": [11, 3, 13, 4], "rotation": 90, "texture": "#bottom"}
			}
		},
		{
			"name": "Box2",
			"from": [-0.5, 15, 11],
			"to": [3.5, 16, 13],
			"faces": {
				"north": {"uv": [12, 0, 13, 1], "texture": "#bottom"},
				"east": {"uv": [11, 0, 13, 1], "texture": "#bottom"},
				"south": {"uv": [11, 0, 12, 1], "texture": "#bottom"},
				"west": {"uv": [11, 0, 13, 1], "texture": "#bottom"},
				"up": {"uv": [11, 0, 13, 1], "rotation": 270, "texture": "#bottom"},
				"down": {"uv": [10.5, 1, 11, 3], "texture": "#bottom"}
			}
		},
		{
			"name": "Box2",
			"from": [-0.5, 13, 13],
			"to": [3.5, 15, 14],
			"faces": {
				"north": {"uv": [13, 1, 14, 3], "texture": "#bottom"},
				"east": {"uv": [13, 1, 14, 3], "texture": "#bottom"},
				"south": {"uv": [13, 1, 14, 3], "texture": "#bottom"},
				"west": {"uv": [13, 1, 14, 3], "texture": "#bottom"},
				"up": {"uv": [13, 1, 14, 2], "texture": "#bottom"},
				"down": {"uv": [13, 2, 14, 3], "texture": "#bottom"}
			}
		},
		{
			"from": [0.5, 0, 3],
			"to": [2.5, 16, 4],
			"faces": {
				"north": {"uv": [3, 0, 4, 16], "texture": "#bottom"},
				"east": {"uv": [3, 0, 4, 16], "texture": "#bottom"},
				"south": {"uv": [3, 0, 4, 16], "texture": "#bottom"},
				"west": {"uv": [3, 0, 4, 16], "texture": "#bottom"},
				"down": {"uv": [3, 15, 4, 16], "texture": "#bottom"}
			}
		},
		{
			"from": [0.5, 0, 6],
			"to": [2.5, 16, 7],
			"faces": {
				"north": {"uv": [6, 0, 7, 16], "texture": "#bottom"},
				"east": {"uv": [6, 0, 7, 16], "texture": "#bottom"},
				"south": {"uv": [6, 0, 7, 16], "texture": "#bottom"},
				"west": {"uv": [6, 0, 7, 16], "texture": "#bottom"},
				"down": {"uv": [6, 15, 7, 16], "texture": "#bottom"}
			}
		},
		{
			"from": [0.5, 0, 9],
			"to": [2.5, 16, 10],
			"faces": {
				"north": {"uv": [9, 0, 10, 16], "texture": "#bottom"},
				"east": {"uv": [9, 0, 10, 16], "texture": "#bottom"},
				"south": {"uv": [9, 0, 10, 16], "texture": "#bottom"},
				"west": {"uv": [9, 0, 10, 16], "texture": "#bottom"},
				"down": {"uv": [9, 15, 10, 16], "texture": "#bottom"}
			}
		},
		{
			"from": [0.5, 0, 12],
			"to": [2.5, 16, 13],
			"faces": {
				"north": {"uv": [12, 0, 13, 16], "texture": "#bottom"},
				"east": {"uv": [12, 0, 13, 16], "texture": "#bottom"},
				"south": {"uv": [12, 0, 13, 16], "texture": "#bottom"},
				"west": {"uv": [12, 0, 13, 16], "texture": "#bottom"},
				"down": {"uv": [12, 15, 13, 16], "texture": "#bottom"}
			}
		}
	]
}