{
    "ambientocclusion": false,
    "textures": {
        "particle": "#stem"
    },
    "elements": [
        {   "from": [ 0, -1, 8 ],
            "to": [ 16, 9, 8 ],
            "rotation": { "origin": [ 8, 8, 8 ], "axis": "y", "angle": 45, "rescale": true },
            "faces": {
                "north": { "uv": [ 0, 0, 16, 10 ], "texture": "#stem" },
                "south": { "uv": [ 16, 0, 0, 10 ], "texture": "#stem" }
            }
        },
        {   "from": [ 8, -1, 0 ],
            "to": [ 8, 9, 16 ],
            "rotation": { "origin": [ 8, 8, 8 ], "axis": "y", "angle": 45, "rescale": true },
            "faces": {
                "west": { "uv": [ 0, 0, 16, 10 ], "texture": "#stem" },
                "east": { "uv": [ 16, 0, 0, 10 ], "texture": "#stem" }
            }
        }
    ]
}
