{
	"credit": "Created by Stridey",
	"textures": {
		"particle": "#stem"
	},
	"elements": [
		{
			"from": [0, -1, 8],
			"to": [16, 7, 8],
			"rotation": {"angle": 45, "axis": "y", "origin": [8, 8, 8], "rescale": true},
			"faces": {
				"north": {"uv": [0, 0, 16, 8], "texture": "#stem"},
				"south": {"uv": [16, 0, 0, 8], "texture": "#stem"}
			}
		},
		{
			"from": [8, -1, 0],
			"to": [8, 7, 16],
			"rotation": {"angle": 45, "axis": "y", "origin": [8, 8, 8], "rescale": true},
			"faces": {
				"east": {"uv": [16, 0, 0, 8], "texture": "#stem"},
				"west": {"uv": [0, 0, 16, 8], "texture": "#stem"}
			}
		},
		{
			"from": [0, 0, 8],
			"to": [9, 16, 8],
			"faces": {
				"north": {"uv": [9, 0, 0, 16], "texture": "#upperstem"},
				"south": {"uv": [0, 0, 9, 16], "texture": "#upperstem"}
			}
		}
	]
}