{
	"credit": "Created by Stridey",
	"parent": "block/block",
	"textures": {
		"4": "block/stonecutter_saw_bottom",
		"bottom": "block/stonecutter_bottom",
		"top": "block/stonecutter_top",
		"particle": "block/stonecutter_side",
		"side": "block/stonecutter_side",
		"saw": "block/stonecutter_saw"
	},
	"elements": [
		{
			"from": [1, 9, 7.5],
			"to": [15, 12, 8.5],
			"rotation": {"angle": 0, "axis": "y", "origin": [8, 5, 8]},
			"faces": {
				"north": {"uv": [1, 13, 15, 16], "texture": "#saw"},
				"east": {"uv": [1, 13, 2, 16], "texture": "#saw"},
				"south": {"uv": [15, 13, 1, 16], "texture": "#saw"},
				"west": {"uv": [14, 13, 15, 16], "texture": "#saw"},
				"up": {"uv": [1, 13, 15, 14], "texture": "#saw"}
			}
		},
		{
			"from": [3, 8, 7.5],
			"to": [13, 9, 8.5],
			"rotation": {"angle": 0, "axis": "y", "origin": [8, 5, 8]},
			"faces": {
				"north": {"uv": [3, 0, 13, 1], "texture": "#4"},
				"south": {"uv": [13, 0, 3, 1], "texture": "#4"}
			}
		},
		{
			"from": [2, 12, 7.5],
			"to": [14, 14, 8.5],
			"rotation": {"angle": 0, "axis": "y", "origin": [8, 5, 8]},
			"faces": {
				"north": {"uv": [2, 11, 14, 13], "texture": "#saw"},
				"east": {"uv": [2, 11, 3, 13], "texture": "#saw"},
				"south": {"uv": [14, 11, 2, 13], "texture": "#saw"},
				"west": {"uv": [13, 11, 14, 13], "texture": "#saw"},
				"up": {"uv": [14, 11, 2, 12], "texture": "#saw"}
			}
		},
		{
			"from": [3, 14, 7.5],
			"to": [13, 15, 8.5],
			"faces": {
				"north": {"uv": [3, 10, 13, 11], "texture": "#saw"},
				"east": {"uv": [3, 10, 4, 11], "texture": "#saw"},
				"south": {"uv": [13, 10, 3, 11], "texture": "#saw"},
				"west": {"uv": [12, 10, 13, 11], "texture": "#saw"},
				"up": {"uv": [13, 10, 3, 11], "texture": "#saw"}
			}
		},
		{
			"from": [5, 15, 7.5],
			"to": [11, 16, 8.5],
			"faces": {
				"north": {"uv": [5, 9, 11, 10], "texture": "#saw"},
				"east": {"uv": [5, 9, 6, 10], "texture": "#saw"},
				"south": {"uv": [11, 9, 5, 10], "texture": "#saw"},
				"west": {"uv": [10, 9, 11, 10], "texture": "#saw"},
				"up": {"uv": [11, 9, 5, 10], "texture": "#saw", "cullface": "up"}
			}
		},
		{
			"from": [0, 0, 0],
			"to": [3, 9, 16],
			"faces": {
				"north": {"uv": [13, 7, 16, 16], "texture": "#side", "cullface": "north"},
				"east": {"uv": [3, 7, 4, 8], "texture": "#top"},
				"south": {"uv": [0, 7, 3, 16], "texture": "#side", "cullface": "south"},
				"west": {"uv": [0, 7, 16, 16], "texture": "#side", "cullface": "west"},
				"up": {"uv": [0, 0, 3, 16], "texture": "#top"},
				"down": {"uv": [0, 0, 3, 16], "texture": "#bottom", "cullface": "down"}
			}
		},
		{
			"from": [13, 0, 0],
			"to": [16, 9, 16],
			"faces": {
				"north": {"uv": [0, 7, 3, 16], "texture": "#side", "cullface": "north"},
				"east": {"uv": [0, 7, 16, 16], "texture": "#side", "cullface": "east"},
				"south": {"uv": [13, 7, 16, 16], "texture": "#side", "cullface": "south"},
				"west": {"uv": [3, 7, 4, 8], "texture": "#top"},
				"up": {"uv": [13, 0, 16, 16], "texture": "#top"},
				"down": {"uv": [13, 0, 16, 16], "texture": "#bottom", "cullface": "down"}
			}
		},
		{
			"from": [3, 0, 0],
			"to": [13, 9, 7],
			"rotation": {"angle": 0, "axis": "y", "origin": [8, 20, 8]},
			"faces": {
				"north": {"uv": [3, 7, 13, 16], "texture": "#side", "cullface": "north"},
				"south": {"uv": [3, 7, 4, 8], "texture": "#top"},
				"up": {"uv": [3, 0, 13, 7], "texture": "#top"},
				"down": {"uv": [3, 9, 13, 16], "texture": "#bottom", "cullface": "down"}
			}
		},
		{
			"from": [3, 0, 9],
			"to": [13, 9, 16],
			"faces": {
				"north": {"uv": [3, 7, 4, 8], "texture": "#top"},
				"south": {"uv": [3, 7, 13, 16], "texture": "#side", "cullface": "south"},
				"up": {"uv": [3, 9, 13, 16], "texture": "#top"},
				"down": {"uv": [3, 0, 13, 7], "texture": "#bottom", "cullface": "down"}
			}
		},
		{
			"from": [3, 0, 7],
			"to": [13, 8, 9],
			"faces": {
				"up": {"uv": [3, 7, 13, 9], "texture": "#top"},
				"down": {"uv": [3, 7, 13, 9], "texture": "#bottom", "cullface": "down"}
			}
		}
	],
	"display": {
		"thirdperson_righthand": {
			"rotation": [75, 45, 0],
			"translation": [0, 2.5, 0],
			"scale": [0.375, 0.375, 0.375]
		},
		"thirdperson_lefthand": {
			"rotation": [75, 45, 0],
			"translation": [0, 2.5, 0],
			"scale": [0.375, 0.375, 0.375]
		},
		"firstperson_righthand": {
			"rotation": [0, 45, 0],
			"scale": [0.4, 0.4, 0.4]
		},
		"firstperson_lefthand": {
			"rotation": [0, 225, 0],
			"scale": [0.4, 0.4, 0.4]
		},
		"ground": {
			"translation": [0, 3, 0],
			"scale": [0.25, 0.25, 0.25]
		},
		"gui": {
			"rotation": [30, 225, 0],
			"scale": [0.625, 0.625, 0.625]
		},
		"fixed": {
			"scale": [0.5, 0.5, 0.5]
		}
	}
}