{
	"credit": "Created by Stridey",
	"ambientocclusion": false,
	"textures": {
		"0": "block/warped_door_top",
		"particle": "block/warped_door_top"
	},
	"elements": [
		{
			"from": [0, 0, 0],
			"to": [3, 16, 16],
			"faces": {
				"north": {"uv": [16, 0, 15, 16], "texture": "#0", "cullface": "north"},
				"east": {"uv": [0, 0, 16, 16], "texture": "#0"},
				"south": {"uv": [0, 0, 1, 16], "texture": "#0", "cullface": "south"},
				"west": {"uv": [16, 0, 0, 16], "texture": "#0", "cullface": "west"},
				"up": {"uv": [0, 0, 16, 1], "rotation": 270, "texture": "#0", "cullface": "up"}
			}
		},
		{
			"from": [-0.5, 0, 5],
			"to": [3.5, 2, 6],
			"rotation": {"angle": 0, "axis": "y", "origin": [5, -6, 9]},
			"faces": {
				"north": {"uv": [10.5, 14, 10, 16], "texture": "#0"},
				"east": {"uv": [10, 14, 11, 16], "texture": "#0"},
				"south": {"uv": [10, 14, 10.5, 16], "texture": "#0"},
				"west": {"uv": [11, 14, 10, 16], "texture": "#0", "cullface": "west"},
				"up": {"uv": [11, 14, 10, 14.5], "rotation": 90, "texture": "#0"},
				"down": {"uv": [11, 15, 10, 15.5], "rotation": 90, "texture": "#0", "cullface": "down"}
			}
		},
		{
			"from": [-0.5, 0, 1],
			"to": [3.5, 2, 2],
			"rotation": {"angle": 0, "axis": "y", "origin": [5, -6, 5]},
			"faces": {
				"north": {"uv": [10.5, 14, 10, 16], "texture": "#0"},
				"east": {"uv": [14, 14, 15, 16], "texture": "#0"},
				"south": {"uv": [10, 14, 10.5, 16], "texture": "#0"},
				"west": {"uv": [11, 14, 10, 16], "texture": "#0", "cullface": "west"},
				"up": {"uv": [11, 14, 10, 14.5], "rotation": 90, "texture": "#0"},
				"down": {"uv": [11, 15, 10, 15.5], "rotation": 90, "texture": "#0", "cullface": "down"}
			}
		},
		{
			"name": "vines",
			"from": [-0.5, 14, 7],
			"to": [0.5, 16, 8],
			"faces": {
				"north": {"uv": [8, 0, 9, 2], "texture": "#0", "cullface": "west"},
				"south": {"uv": [8, 0, 9, 2], "texture": "#0", "cullface": "west"},
				"west": {"uv": [8, 2, 9, 0], "rotation": 180, "texture": "#0", "cullface": "west"},
				"up": {"uv": [9, 0, 8, 1], "rotation": 90, "texture": "#0", "cullface": "west"},
				"down": {"uv": [8, 1, 9, 2], "rotation": 90, "texture": "#0", "cullface": "west"}
			}
		},
		{
			"name": "vines",
			"from": [-0.5, 13, 15],
			"to": [0.5, 15, 16],
			"faces": {
				"north": {"uv": [0, 1, 1, 3], "texture": "#0", "cullface": "west"},
				"south": {"uv": [0, 1, 1, 3], "texture": "#0", "cullface": "west"},
				"west": {"uv": [0, 3, 1, 1], "rotation": 180, "texture": "#0", "cullface": "west"},
				"up": {"uv": [1, 1, 0, 2], "rotation": 90, "texture": "#0", "cullface": "west"},
				"down": {"uv": [0, 2, 1, 3], "rotation": 90, "texture": "#0", "cullface": "west"}
			}
		},
		{
			"name": "vines",
			"from": [-0.5, 14, 3],
			"to": [3.5, 15, 4],
			"faces": {
				"north": {"uv": [12, 1, 13, 2], "texture": "#0"},
				"east": {"uv": [12, 1, 13, 2], "texture": "#0"},
				"south": {"uv": [12, 1, 13, 2], "texture": "#0"},
				"west": {"uv": [12, 2, 13, 1], "rotation": 180, "texture": "#0", "cullface": "west"},
				"up": {"uv": [13, 1, 12, 2], "rotation": 90, "texture": "#0"},
				"down": {"uv": [12, 1, 13, 2], "rotation": 90, "texture": "#0"}
			}
		},
		{
			"name": "vines",
			"from": [-0.5, 13, 13],
			"to": [3.5, 14, 15],
			"faces": {
				"north": {"uv": [2, 2, 3, 3], "texture": "#0"},
				"east": {"uv": [1, 2, 3, 3], "texture": "#0"},
				"west": {"uv": [1, 3, 3, 2], "rotation": 180, "texture": "#0", "cullface": "west"},
				"up": {"uv": [3, 2, 1, 3], "rotation": 90, "texture": "#0"},
				"down": {"uv": [1, 2, 3, 3], "rotation": 90, "texture": "#0"}
			}
		},
		{
			"name": "vines",
			"from": [-0.5, 13, 8],
			"to": [3.5, 14, 9],
			"faces": {
				"north": {"uv": [7, 2, 8, 3], "texture": "#0"},
				"east": {"uv": [7, 2, 8, 3], "texture": "#0"},
				"south": {"uv": [7, 2, 8, 3], "texture": "#0"},
				"west": {"uv": [7, 3, 8, 2], "rotation": 180, "texture": "#0", "cullface": "west"},
				"up": {"uv": [8, 2, 7, 3], "rotation": 90, "texture": "#0"},
				"down": {"uv": [7, 2, 8, 3], "rotation": 90, "texture": "#0"}
			}
		},
		{
			"name": "vines",
			"from": [-0.5, 13, 0],
			"to": [0.5, 14, 3],
			"faces": {
				"north": {"uv": [15, 2, 16, 3], "texture": "#0", "cullface": "west"},
				"south": {"uv": [13, 2, 14, 3], "texture": "#0", "cullface": "west"},
				"west": {"uv": [13, 3, 16, 2], "rotation": 180, "texture": "#0", "cullface": "west"},
				"up": {"uv": [16, 2, 13, 3], "rotation": 90, "texture": "#0", "cullface": "west"},
				"down": {"uv": [13, 2, 16, 3], "rotation": 90, "texture": "#0", "cullface": "west"}
			}
		},
		{
			"name": "vines",
			"from": [-0.5, 12, 9],
			"to": [3.5, 13, 13],
			"faces": {
				"north": {"uv": [6, 3, 7, 4], "texture": "#0"},
				"east": {"uv": [3, 3, 7, 4], "texture": "#0"},
				"south": {"uv": [3, 3, 4, 4], "texture": "#0"},
				"west": {"uv": [3, 4, 7, 3], "rotation": 180, "texture": "#0", "cullface": "west"},
				"up": {"uv": [7, 3, 3, 4], "rotation": 90, "texture": "#0"},
				"down": {"uv": [3, 3, 7, 4], "rotation": 90, "texture": "#0"}
			}
		},
		{
			"name": "vines",
			"from": [-0.5, 10, 11],
			"to": [3.5, 12, 12],
			"faces": {
				"north": {"uv": [4, 4, 5, 6], "texture": "#0"},
				"east": {"uv": [4, 4, 5, 6], "texture": "#0"},
				"south": {"uv": [4, 4, 5, 6], "texture": "#0"},
				"west": {"uv": [4, 6, 5, 4], "rotation": 180, "texture": "#0", "cullface": "west"},
				"down": {"uv": [4, 5, 5, 6], "rotation": 90, "texture": "#0"}
			}
		},
		{
			"name": "vines",
			"from": [-0.5, 9, 12],
			"to": [3.5, 10, 13],
			"faces": {
				"north": {"uv": [3, 6, 4, 7], "texture": "#0"},
				"east": {"uv": [3, 6, 4, 7], "texture": "#0"},
				"south": {"uv": [3, 6, 4, 7], "texture": "#0"},
				"west": {"uv": [3, 7, 4, 6], "rotation": 180, "texture": "#0", "cullface": "west"},
				"up": {"uv": [4, 6, 3, 7], "rotation": 90, "texture": "#0"},
				"down": {"uv": [3, 6, 4, 7], "rotation": 90, "texture": "#0"}
			}
		},
		{
			"name": "vines",
			"from": [-0.5, 8, 13],
			"to": [3.5, 9, 15],
			"faces": {
				"north": {"uv": [2, 7, 3, 8], "texture": "#0"},
				"east": {"uv": [1, 7, 3, 8], "texture": "#0"},
				"south": {"uv": [1, 7, 2, 8], "texture": "#0"},
				"west": {"uv": [1, 8, 3, 7], "rotation": 180, "texture": "#0", "cullface": "west"},
				"up": {"uv": [3, 7, 1, 8], "rotation": 90, "texture": "#0"},
				"down": {"uv": [1, 7, 3, 8], "rotation": 90, "texture": "#0"}
			}
		},
		{
			"name": "vines",
			"from": [-0.5, 8, 0],
			"to": [0.5, 9, 1],
			"faces": {
				"north": {"uv": [15, 7, 16, 8], "texture": "#0", "cullface": "west"},
				"south": {"uv": [15, 7, 16, 8], "texture": "#0", "cullface": "west"},
				"west": {"uv": [15, 8, 16, 7], "rotation": 180, "texture": "#0", "cullface": "west"},
				"up": {"uv": [16, 7, 15, 8], "rotation": 90, "texture": "#0", "cullface": "west"},
				"down": {"uv": [15, 7, 16, 8], "rotation": 90, "texture": "#0", "cullface": "west"}
			}
		},
		{
			"name": "vines",
			"from": [-0.5, 7, 1],
			"to": [3.5, 8, 3],
			"faces": {
				"north": {"uv": [14, 8, 15, 9], "texture": "#0"},
				"east": {"uv": [13, 8, 15, 9], "texture": "#0"},
				"south": {"uv": [13, 8, 14, 9], "texture": "#0"},
				"west": {"uv": [13, 9, 15, 8], "rotation": 180, "texture": "#0", "cullface": "west"},
				"up": {"uv": [15, 8, 13, 9], "rotation": 90, "texture": "#0"},
				"down": {"uv": [13, 8, 15, 9], "rotation": 90, "texture": "#0"}
			}
		},
		{
			"name": "vines",
			"from": [-0.5, 3, 15],
			"to": [0.5, 7, 16],
			"faces": {
				"north": {"uv": [0, 9, 1, 13], "texture": "#0", "cullface": "west"},
				"south": {"uv": [0, 9, 1, 13], "texture": "#0", "cullface": "west"},
				"west": {"uv": [0, 13, 1, 9], "rotation": 180, "texture": "#0", "cullface": "west"},
				"up": {"uv": [1, 9, 0, 10], "rotation": 90, "texture": "#0", "cullface": "west"},
				"down": {"uv": [0, 12, 1, 13], "rotation": 90, "texture": "#0", "cullface": "west"}
			}
		},
		{
			"name": "vines",
			"from": [-0.5, 6, 3],
			"to": [3.5, 7, 4],
			"faces": {
				"north": {"uv": [12, 9, 13, 10], "texture": "#0"},
				"east": {"uv": [12, 9, 13, 10], "texture": "#0"},
				"south": {"uv": [12, 9, 13, 10], "texture": "#0"},
				"west": {"uv": [12, 10, 13, 9], "rotation": 180, "texture": "#0", "cullface": "west"},
				"up": {"uv": [13, 9, 12, 10], "rotation": 90, "texture": "#0"},
				"down": {"uv": [12, 9, 13, 10], "rotation": 90, "texture": "#0"}
			}
		},
		{
			"name": "vines",
			"from": [-0.5, 5, 5],
			"to": [3.5, 6, 7],
			"faces": {
				"north": {"uv": [10, 10, 11, 11], "texture": "#0"},
				"east": {"uv": [9, 10, 11, 11], "texture": "#0"},
				"south": {"uv": [9, 10, 10, 11], "texture": "#0"},
				"west": {"uv": [9, 11, 11, 10], "rotation": 180, "texture": "#0", "cullface": "west"},
				"up": {"uv": [11, 10, 9, 11], "rotation": 90, "texture": "#0"},
				"down": {"uv": [9, 10, 11, 11], "rotation": 90, "texture": "#0"}
			}
		},
		{
			"name": "vines",
			"from": [-0.5, 5, 0],
			"to": [0.5, 6, 1],
			"faces": {
				"north": {"uv": [15, 10, 16, 11], "texture": "#0", "cullface": "west"},
				"south": {"uv": [15, 10, 16, 11], "texture": "#0", "cullface": "west"},
				"west": {"uv": [15, 11, 16, 10], "rotation": 180, "texture": "#0", "cullface": "west"},
				"up": {"uv": [16, 10, 15, 11], "rotation": 90, "texture": "#0", "cullface": "west"},
				"down": {"uv": [15, 10, 16, 11], "rotation": 90, "texture": "#0", "cullface": "west"}
			}
		},
		{
			"name": "vines",
			"from": [-0.5, 4, 7],
			"to": [3.5, 5, 8],
			"faces": {
				"north": {"uv": [8, 12, 9, 11], "rotation": 180, "texture": "#0"},
				"east": {"uv": [8, 12, 9, 11], "rotation": 180, "texture": "#0"},
				"south": {"uv": [8, 12, 9, 11], "rotation": 180, "texture": "#0"},
				"west": {"uv": [8, 12, 9, 11], "rotation": 180, "texture": "#0", "cullface": "west"},
				"up": {"uv": [8, 12, 9, 11], "rotation": 180, "texture": "#0"},
				"down": {"uv": [8, 12, 9, 11], "rotation": 180, "texture": "#0"}
			}
		},
		{
			"name": "vines",
			"from": [-0.5, 4, 4],
			"to": [3.5, 5, 5],
			"faces": {
				"north": {"uv": [11, 11, 12, 12], "texture": "#0"},
				"east": {"uv": [11, 11, 12, 12], "texture": "#0"},
				"south": {"uv": [11, 11, 12, 12], "texture": "#0"},
				"west": {"uv": [11, 12, 12, 11], "rotation": 180, "texture": "#0", "cullface": "west"},
				"up": {"uv": [12, 11, 11, 12], "rotation": 90, "texture": "#0"},
				"down": {"uv": [11, 11, 12, 12], "rotation": 90, "texture": "#0"}
			}
		},
		{
			"name": "vines",
			"from": [-0.5, 4, 1],
			"to": [3.5, 5, 2],
			"faces": {
				"north": {"uv": [14, 11, 15, 12], "texture": "#0"},
				"east": {"uv": [14, 11, 15, 12], "texture": "#0"},
				"south": {"uv": [14, 11, 15, 12], "texture": "#0"},
				"west": {"uv": [14, 12, 15, 11], "rotation": 180, "texture": "#0", "cullface": "west"},
				"up": {"uv": [15, 11, 14, 12], "rotation": 90, "texture": "#0"},
				"down": {"uv": [14, 11, 15, 12], "rotation": 90, "texture": "#0"}
			}
		},
		{
			"name": "vines",
			"from": [-0.5, 0, 8],
			"to": [0.5, 4, 9],
			"faces": {
				"north": {"uv": [7, 12, 8, 16], "texture": "#0", "cullface": "west"},
				"south": {"uv": [7, 12, 8, 16], "texture": "#0", "cullface": "west"},
				"west": {"uv": [7, 16, 8, 12], "rotation": 180, "texture": "#0", "cullface": "west"},
				"up": {"uv": [8, 12, 7, 13], "rotation": 90, "texture": "#0", "cullface": "west"},
				"down": {"uv": [7, 15, 8, 16], "rotation": 90, "texture": "#0", "cullface": "down"}
			}
		},
		{
			"name": "vines",
			"from": [-0.5, 3, 2],
			"to": [3.5, 4, 4],
			"faces": {
				"north": {"uv": [13, 12, 14, 13], "texture": "#0"},
				"east": {"uv": [12, 12, 14, 13], "texture": "#0"},
				"south": {"uv": [12, 12, 13, 13], "texture": "#0"},
				"west": {"uv": [12, 13, 14, 12], "rotation": 180, "texture": "#0", "cullface": "west"},
				"up": {"uv": [14, 12, 12, 13], "rotation": 90, "texture": "#0"},
				"down": {"uv": [12, 12, 14, 13], "rotation": 90, "texture": "#0"}
			}
		},
		{
			"name": "vines",
			"from": [2.5, 14, 7],
			"to": [3.5, 16, 8],
			"faces": {
				"north": {"uv": [8, 0, 9, 2], "texture": "#0"},
				"east": {"uv": [8, 0, 9, 2], "texture": "#0"},
				"south": {"uv": [8, 0, 9, 2], "texture": "#0"},
				"up": {"uv": [9, 0, 8, 1], "rotation": 90, "texture": "#0", "cullface": "up"},
				"down": {"uv": [8, 1, 9, 2], "rotation": 90, "texture": "#0"}
			}
		},
		{
			"name": "vines",
			"from": [2.5, 13, 15],
			"to": [3.5, 15, 16],
			"faces": {
				"north": {"uv": [0, 1, 1, 3], "texture": "#0"},
				"east": {"uv": [0, 1, 1, 3], "texture": "#0"},
				"south": {"uv": [0, 1, 1, 3], "texture": "#0", "cullface": "south"},
				"up": {"uv": [1, 1, 0, 2], "rotation": 90, "texture": "#0"},
				"down": {"uv": [0, 2, 1, 3], "rotation": 90, "texture": "#0"}
			}
		},
		{
			"name": "vines",
			"from": [2.5, 13, 0],
			"to": [3.5, 14, 3],
			"faces": {
				"north": {"uv": [15, 2, 16, 3], "texture": "#0", "cullface": "north"},
				"east": {"uv": [13, 2, 16, 3], "texture": "#0"},
				"south": {"uv": [13, 2, 14, 3], "texture": "#0"},
				"up": {"uv": [16, 2, 13, 3], "rotation": 90, "texture": "#0"},
				"down": {"uv": [13, 2, 16, 3], "rotation": 90, "texture": "#0"}
			}
		},
		{
			"name": "vines",
			"from": [2.5, 8, 0],
			"to": [3.5, 9, 1],
			"faces": {
				"north": {"uv": [15, 7, 16, 8], "texture": "#0", "cullface": "north"},
				"east": {"uv": [15, 7, 16, 8], "texture": "#0"},
				"south": {"uv": [15, 7, 16, 8], "texture": "#0"},
				"up": {"uv": [16, 7, 15, 8], "rotation": 90, "texture": "#0"},
				"down": {"uv": [15, 7, 16, 8], "rotation": 90, "texture": "#0"}
			}
		},
		{
			"name": "vines",
			"from": [2.5, 3, 15],
			"to": [3.5, 7, 16],
			"faces": {
				"north": {"uv": [0, 9, 1, 13], "texture": "#0"},
				"east": {"uv": [0, 9, 1, 13], "texture": "#0"},
				"south": {"uv": [0, 9, 1, 13], "texture": "#0", "cullface": "south"},
				"up": {"uv": [1, 9, 0, 10], "rotation": 90, "texture": "#0"},
				"down": {"uv": [0, 12, 1, 13], "rotation": 90, "texture": "#0"}
			}
		},
		{
			"name": "vines",
			"from": [2.5, 5, 0],
			"to": [3.5, 6, 1],
			"faces": {
				"north": {"uv": [15, 10, 16, 11], "texture": "#0", "cullface": "north"},
				"east": {"uv": [15, 10, 16, 11], "texture": "#0"},
				"south": {"uv": [15, 10, 16, 11], "texture": "#0"},
				"up": {"uv": [16, 10, 15, 11], "rotation": 90, "texture": "#0"},
				"down": {"uv": [15, 10, 16, 11], "rotation": 90, "texture": "#0"}
			}
		},
		{
			"name": "vines",
			"from": [2.5, 0, 8],
			"to": [3.5, 4, 9],
			"faces": {
				"north": {"uv": [7, 12, 8, 16], "texture": "#0"},
				"east": {"uv": [7, 12, 8, 16], "texture": "#0"},
				"south": {"uv": [7, 12, 8, 16], "texture": "#0"},
				"up": {"uv": [8, 12, 7, 13], "rotation": 90, "texture": "#0"},
				"down": {"uv": [7, 15, 8, 16], "rotation": 90, "texture": "#0", "cullface": "down"}
			}
		}
	],
	"groups": [0, 1, 2,
		{
			"name": "vines",
			"origin": [8, 8, 8],
			"children": [3, 4, 5, 6, 7, 8, 9, 10, 11, 12, 13, 14, 15, 16, 17, 18, 19, 20, 21, 22, 23, 24, 25, 26, 27, 28, 29, 30]
		}
	]
}