{
	"credit": "Created by Stridey",
	"ambientocclusion": false,
	"textures": {
		"1": "block/warped_door_bottom",
		"2": "block/warped_door_bottom",
		"particle": "block/warped_door_bottom"
	},
	"elements": [
		{
			"from": [0, 0, 0],
			"to": [3, 16, 16],
			"faces": {
				"north": {"uv": [16, 0, 15, 16], "texture": "#1", "cullface": "north"},
				"east": {"uv": [0, 0, 16, 16], "texture": "#1"},
				"south": {"uv": [0, 0, 1, 16], "texture": "#1", "cullface": "south"},
				"west": {"uv": [16, 0, 0, 16], "texture": "#1", "cullface": "west"},
				"down": {"uv": [0, 16, 16, 15], "rotation": 90, "texture": "#1", "cullface": "down"}
			}
		},
		{
			"from": [-0.5, 15, 2],
			"to": [3.5, 16, 5],
			"rotation": {"angle": 0, "axis": "y", "origin": [8.5, 8, 8]},
			"faces": {
				"north": {"uv": [11, 0, 14, 1], "texture": "#1"},
				"east": {"uv": [11, 0, 14, 1], "texture": "#1"},
				"south": {"uv": [11, 0, 14, 1], "texture": "#1"},
				"west": {"uv": [11, 0, 14, 1], "texture": "#1", "cullface": "west"},
				"up": {"uv": [11, 0, 14, 1], "texture": "#1", "cullface": "up"},
				"down": {"uv": [11, 0, 14, 1], "texture": "#1"}
			}
		},
		{
			"name": "vines",
			"from": [-0.5, 15, 12],
			"to": [3.5, 16, 14],
			"faces": {
				"north": {"uv": [3, 0, 4, 1], "texture": "#2"},
				"east": {"uv": [2, 0, 4, 1], "texture": "#2"},
				"south": {"uv": [2, 0, 3, 1], "texture": "#2"},
				"west": {"uv": [2, 1, 4, 0], "rotation": 180, "texture": "#2", "cullface": "west"},
				"up": {"uv": [4, 0, 2, 1], "rotation": 90, "texture": "#2", "cullface": "up"},
				"down": {"uv": [2, 0, 4, 1], "rotation": 90, "texture": "#2"}
			}
		},
		{
			"name": "vines",
			"from": [-0.5, 15, 9],
			"to": [3.5, 16, 10],
			"faces": {
				"north": {"uv": [6, 0, 7, 1], "texture": "#2"},
				"east": {"uv": [6, 0, 7, 1], "texture": "#2"},
				"south": {"uv": [6, 0, 7, 1], "texture": "#2"},
				"west": {"uv": [6, 1, 7, 0], "rotation": 180, "texture": "#2", "cullface": "west"},
				"up": {"uv": [7, 0, 6, 1], "rotation": 90, "texture": "#2", "cullface": "up"},
				"down": {"uv": [6, 0, 7, 1], "rotation": 90, "texture": "#2"}
			}
		},
		{
			"name": "vines",
			"from": [-0.5, 14, 14],
			"to": [3.5, 15, 15],
			"faces": {
				"north": {"uv": [1, 1, 2, 2], "texture": "#2"},
				"east": {"uv": [1, 1, 2, 2], "texture": "#2"},
				"south": {"uv": [1, 1, 2, 2], "texture": "#2"},
				"west": {"uv": [1, 2, 2, 1], "rotation": 180, "texture": "#2", "cullface": "west"},
				"up": {"uv": [2, 1, 1, 2], "rotation": 90, "texture": "#2"},
				"down": {"uv": [1, 1, 2, 2], "rotation": 90, "texture": "#2"}
			}
		},
		{
			"name": "vines",
			"from": [-0.5, 14, 10],
			"to": [3.5, 15, 12],
			"faces": {
				"north": {"uv": [5, 1, 6, 2], "texture": "#2"},
				"east": {"uv": [4, 1, 6, 2], "texture": "#2"},
				"south": {"uv": [4, 1, 5, 2], "texture": "#2"},
				"west": {"uv": [4, 2, 6, 1], "rotation": 180, "texture": "#2", "cullface": "west"},
				"up": {"uv": [6, 1, 4, 2], "rotation": 90, "texture": "#2"},
				"down": {"uv": [4, 1, 6, 2], "rotation": 90, "texture": "#2"}
			}
		},
		{
			"name": "vines",
			"from": [-0.5, 9, 15],
			"to": [0.5, 14, 16],
			"faces": {
				"north": {"uv": [0, 2, 1, 7], "texture": "#2", "cullface": "west"},
				"south": {"uv": [0, 2, 1, 7], "texture": "#2", "cullface": "west"},
				"west": {"uv": [0, 7, 1, 2], "rotation": 180, "texture": "#2", "cullface": "west"},
				"up": {"uv": [1, 2, 0, 3], "rotation": 90, "texture": "#2", "cullface": "west"},
				"down": {"uv": [0, 6, 1, 7], "rotation": 90, "texture": "#2", "cullface": "west"}
			}
		},
		{
			"name": "vines",
			"from": [-0.5, 10, 2],
			"to": [3.5, 11, 4],
			"faces": {
				"north": {"uv": [13, 5, 14, 6], "texture": "#2"},
				"east": {"uv": [12, 5, 14, 6], "texture": "#2"},
				"south": {"uv": [12, 5, 13, 6], "texture": "#2"},
				"west": {"uv": [12, 6, 14, 5], "rotation": 180, "texture": "#2", "cullface": "west"},
				"up": {"uv": [14, 5, 12, 6], "rotation": 90, "texture": "#2"},
				"down": {"uv": [12, 5, 14, 6], "rotation": 90, "texture": "#2"}
			}
		},
		{
			"name": "vines",
			"from": [-0.5, 9, 4],
			"to": [3.5, 10, 5],
			"faces": {
				"north": {"uv": [11, 6, 12, 7], "texture": "#2"},
				"east": {"uv": [11, 6, 12, 7], "texture": "#2"},
				"south": {"uv": [11, 6, 12, 7], "texture": "#2"},
				"west": {"uv": [11, 7, 12, 6], "rotation": 180, "texture": "#2", "cullface": "west"},
				"up": {"uv": [12, 6, 11, 7], "rotation": 90, "texture": "#2"},
				"down": {"uv": [11, 6, 12, 7], "rotation": 90, "texture": "#2"}
			}
		},
		{
			"name": "vines",
			"from": [-0.5, 9, 1],
			"to": [3.5, 10, 2],
			"faces": {
				"north": {"uv": [14, 6, 15, 7], "texture": "#2"},
				"east": {"uv": [14, 6, 15, 7], "texture": "#2"},
				"south": {"uv": [14, 6, 15, 7], "texture": "#2"},
				"west": {"uv": [14, 7, 15, 6], "rotation": 180, "texture": "#2", "cullface": "west"},
				"up": {"uv": [15, 6, 14, 7], "rotation": 90, "texture": "#2"},
				"down": {"uv": [14, 6, 15, 7], "rotation": 90, "texture": "#2"}
			}
		},
		{
			"name": "vines",
			"from": [-0.5, 8, 12],
			"to": [3.5, 9, 14],
			"faces": {
				"north": {"uv": [3, 7, 4, 8], "texture": "#2"},
				"east": {"uv": [2, 7, 4, 8], "texture": "#2"},
				"south": {"uv": [2, 7, 3, 8], "texture": "#2"},
				"west": {"uv": [2, 8, 4, 7], "rotation": 180, "texture": "#2", "cullface": "west"},
				"up": {"uv": [4, 7, 2, 8], "rotation": 90, "texture": "#2"},
				"down": {"uv": [2, 7, 4, 8], "rotation": 90, "texture": "#2"}
			}
		},
		{
			"name": "vines",
			"from": [-0.5, 6, 5],
			"to": [3.5, 9, 6],
			"faces": {
				"north": {"uv": [10, 7, 11, 10], "texture": "#2"},
				"east": {"uv": [10, 7, 11, 10], "texture": "#2"},
				"south": {"uv": [10, 7, 11, 10], "texture": "#2"},
				"west": {"uv": [10, 10, 11, 7], "rotation": 180, "texture": "#2", "cullface": "west"},
				"up": {"uv": [11, 7, 10, 8], "rotation": 90, "texture": "#2"},
				"down": {"uv": [10, 9, 11, 10], "rotation": 90, "texture": "#2"}
			}
		},
		{
			"name": "vines",
			"from": [-0.5, 7, 14],
			"to": [0.5, 8, 16],
			"faces": {
				"north": {"uv": [1, 8, 2, 9], "texture": "#2", "cullface": "west"},
				"south": {"uv": [0, 8, 1, 9], "texture": "#2", "cullface": "west"},
				"west": {"uv": [0, 9, 2, 8], "rotation": 180, "texture": "#2", "cullface": "west"},
				"up": {"uv": [2, 8, 0, 9], "rotation": 90, "texture": "#2", "cullface": "west"},
				"down": {"uv": [0, 8, 2, 9], "rotation": 90, "texture": "#2", "cullface": "west"}
			}
		},
		{
			"name": "vines",
			"from": [-0.5, 6, 11],
			"to": [3.5, 8, 12],
			"faces": {
				"north": {"uv": [4, 8, 5, 10], "texture": "#2"},
				"east": {"uv": [4, 8, 5, 10], "texture": "#2"},
				"south": {"uv": [4, 8, 5, 10], "texture": "#2"},
				"west": {"uv": [4, 10, 5, 8], "rotation": 180, "texture": "#2", "cullface": "west"},
				"up": {"uv": [5, 8, 4, 9], "rotation": 90, "texture": "#2"},
				"down": {"uv": [4, 9, 5, 10], "rotation": 90, "texture": "#2"}
			}
		},
		{
			"name": "vines",
			"from": [-0.5, 5, 9],
			"to": [3.5, 6, 11],
			"faces": {
				"north": {"uv": [6, 10, 7, 11], "texture": "#2"},
				"east": {"uv": [5, 10, 7, 11], "texture": "#2"},
				"south": {"uv": [5, 10, 6, 11], "texture": "#2"},
				"west": {"uv": [5, 11, 7, 10], "rotation": 180, "texture": "#2", "cullface": "west"},
				"up": {"uv": [7, 10, 5, 11], "rotation": 90, "texture": "#2"},
				"down": {"uv": [5, 10, 7, 11], "rotation": 90, "texture": "#2"}
			}
		},
		{
			"name": "vines",
			"from": [-0.5, 5, 6],
			"to": [3.5, 6, 7],
			"faces": {
				"north": {"uv": [9, 10, 10, 11], "texture": "#2"},
				"east": {"uv": [9, 10, 10, 11], "texture": "#2"},
				"south": {"uv": [9, 10, 10, 11], "texture": "#2"},
				"west": {"uv": [9, 11, 10, 10], "rotation": 180, "texture": "#2", "cullface": "west"},
				"up": {"uv": [10, 10, 9, 11], "rotation": 90, "texture": "#2"},
				"down": {"uv": [9, 10, 10, 11], "rotation": 90, "texture": "#2"}
			}
		},
		{
			"name": "vines",
			"from": [-0.5, 5, 1],
			"to": [3.5, 6, 3],
			"faces": {
				"north": {"uv": [14, 10, 15, 11], "texture": "#2"},
				"east": {"uv": [13, 10, 15, 11], "texture": "#2"},
				"south": {"uv": [13, 10, 14, 11], "texture": "#2"},
				"west": {"uv": [13, 11, 15, 10], "rotation": 180, "texture": "#2", "cullface": "west"},
				"up": {"uv": [15, 10, 13, 11], "rotation": 90, "texture": "#2"},
				"down": {"uv": [13, 10, 15, 11], "rotation": 90, "texture": "#2"}
			}
		},
		{
			"name": "vines",
			"from": [-0.5, 4, 7],
			"to": [3.5, 5, 9],
			"faces": {
				"north": {"uv": [8, 11, 9, 12], "texture": "#2"},
				"east": {"uv": [7, 11, 9, 12], "texture": "#2"},
				"south": {"uv": [7, 11, 8, 12], "texture": "#2"},
				"west": {"uv": [7, 12, 9, 11], "rotation": 180, "texture": "#2", "cullface": "west"},
				"up": {"uv": [9, 11, 7, 12], "rotation": 90, "texture": "#2"},
				"down": {"uv": [7, 11, 9, 12], "rotation": 90, "texture": "#2"}
			}
		},
		{
			"name": "vines",
			"from": [-0.5, 3, 3],
			"to": [3.5, 5, 4],
			"faces": {
				"north": {"uv": [12, 11, 13, 13], "texture": "#2"},
				"east": {"uv": [12, 11, 13, 13], "texture": "#2"},
				"south": {"uv": [12, 11, 13, 13], "texture": "#2"},
				"west": {"uv": [12, 13, 13, 11], "rotation": 180, "texture": "#2", "cullface": "west"},
				"up": {"uv": [13, 11, 12, 12], "rotation": 90, "texture": "#2"},
				"down": {"uv": [12, 12, 13, 13], "rotation": 90, "texture": "#2"}
			}
		},
		{
			"name": "vines",
			"from": [-0.5, 4, 0],
			"to": [0.5, 5, 1],
			"faces": {
				"north": {"uv": [15, 11, 16, 12], "texture": "#2", "cullface": "west"},
				"south": {"uv": [15, 11, 16, 12], "texture": "#2", "cullface": "west"},
				"west": {"uv": [15, 12, 16, 11], "rotation": 180, "texture": "#2", "cullface": "west"},
				"up": {"uv": [16, 11, 15, 12], "rotation": 90, "texture": "#2", "cullface": "west"},
				"down": {"uv": [15, 11, 16, 12], "rotation": 90, "texture": "#2", "cullface": "west"}
			}
		},
		{
			"name": "vines",
			"from": [-0.5, 2, 4],
			"to": [3.5, 3, 6],
			"faces": {
				"north": {"uv": [11, 13, 12, 14], "texture": "#2"},
				"east": {"uv": [10, 13, 12, 14], "texture": "#2"},
				"south": {"uv": [10, 13, 11, 14], "texture": "#2"},
				"west": {"uv": [10, 14, 12, 13], "rotation": 180, "texture": "#2", "cullface": "west"},
				"up": {"uv": [12, 13, 10, 14], "rotation": 90, "texture": "#2"},
				"down": {"uv": [10, 13, 12, 14], "rotation": 90, "texture": "#2"}
			}
		},
		{
			"name": "vines",
			"from": [2.5, 9, 15],
			"to": [3.5, 14, 16],
			"faces": {
				"north": {"uv": [0, 2, 1, 7], "texture": "#2"},
				"east": {"uv": [0, 2, 1, 7], "texture": "#2"},
				"south": {"uv": [0, 2, 1, 7], "texture": "#2", "cullface": "south"},
				"up": {"uv": [1, 2, 0, 3], "rotation": 90, "texture": "#2"},
				"down": {"uv": [0, 6, 1, 7], "rotation": 90, "texture": "#2"}
			}
		},
		{
			"name": "vines",
			"from": [2.5, 7, 14],
			"to": [3.5, 8, 16],
			"faces": {
				"north": {"uv": [1, 8, 2, 9], "texture": "#2"},
				"east": {"uv": [0, 8, 2, 9], "texture": "#2"},
				"south": {"uv": [0, 8, 1, 9], "texture": "#2", "cullface": "south"},
				"up": {"uv": [2, 8, 0, 9], "rotation": 90, "texture": "#2"},
				"down": {"uv": [0, 8, 2, 9], "rotation": 90, "texture": "#2"}
			}
		},
		{
			"name": "vines",
			"from": [2.5, 4, 0],
			"to": [3.5, 5, 1],
			"faces": {
				"north": {"uv": [15, 11, 16, 12], "texture": "#2", "cullface": "north"},
				"east": {"uv": [15, 11, 16, 12], "texture": "#2"},
				"south": {"uv": [15, 11, 16, 12], "texture": "#2"},
				"up": {"uv": [16, 11, 15, 12], "rotation": 90, "texture": "#2"},
				"down": {"uv": [15, 11, 16, 12], "rotation": 90, "texture": "#2"}
			}
		},
		{
			"name": "vines",
			"from": [-0.5, 1, 6],
			"to": [3.5, 2, 7],
			"faces": {
				"north": {"uv": [9, 14, 10, 15], "texture": "#2"},
				"east": {"uv": [9, 14, 10, 15], "texture": "#2"},
				"south": {"uv": [9, 14, 10, 15], "texture": "#2"},
				"west": {"uv": [9, 15, 10, 14], "rotation": 180, "texture": "#2", "cullface": "west"},
				"up": {"uv": [10, 14, 9, 15], "rotation": 90, "texture": "#2"},
				"down": {"uv": [9, 14, 10, 15], "rotation": 90, "texture": "#2"}
			}
		}
	],
	"groups": [0, 1,
		{
			"name": "vines",
			"origin": [8, 8, 8],
			"children": [2, 3, 4, 5, 6, 7, 8, 9, 10, 11, 12, 13, 14, 15, 16, 17, 18, 19, 20, 21, 22, 23, 24]
		}
	]
}